Date,Open,High,Low,Close,Volume,Signal_Strength,SuperTrend,Market_Trend,Signal
,TSM,TSM,TSM,TSM,TSM,,,,
2020-05-29,45.95318449504584,46.309197881043985,45.51501390595041,45.94405746459961,10918500,0.0,1,Sideways,0
2020-06-01,46.47350039609748,46.81125615251153,46.135744639683416,46.58304214477539,6187300,0.0,1,Sideways,0
2020-06-02,46.96644866896173,47.50503392591588,46.82039182719128,47.47764587402344,6063600,0.0,1,Sideways,0
2020-06-03,48.05275197977933,48.60959484407659,47.851922492388134,48.436153411865234,8380200,0.0,1,Sideways,0
2020-06-04,48.436156697896074,49.63199622634825,48.408768640858156,49.54983901977539,13269500,0.0,1,Sideways,0
2020-06-05,50.66351602853532,51.43031532933908,50.26186057850281,50.3896598815918,9776100,0.0,1,Sideways,0
2020-06-08,50.882600525206435,50.91911212266643,49.94235637465097,50.727413177490234,6302100,0.0,1,Sideways,0
2020-06-09,50.471799835769545,51.69502679112167,50.161428713299046,51.6767692565918,9355100,0.0,1,Sideways,0
2020-06-10,51.868481817231036,52.982167341217476,51.868481817231036,52.53486633300781,9194300,0.0,1,Sideways,0
2020-06-11,50.98301012617474,51.494210779087865,50.21621088793984,50.24359893798828,9877100,0.0,1,Sideways,0
2020-06-12,51.576369762420654,51.91412554512135,50.526583852224576,51.11994171142578,9838800,0.0,1,Sideways,0
2020-06-15,49.942359840133506,51.22948689062498,49.7689184227871,51.13820266723633,7509700,0.0,1,Sideways,0
2020-06-16,51.65853520117881,52.032806123477926,50.70003683746352,50.9373779296875,8827200,0.0,1,Sideways,0
2020-06-17,51.2568772534896,51.868489238751344,51.019532690350665,51.667659759521484,8248700,0.0,1,Sideways,0
2020-06-18,51.538902624988324,51.99874293354467,51.30898247071015,51.64006805419922,6831500,0.0,1,Sideways,0
2020-06-19,51.94355534713822,51.96194937853404,50.830742759962284,50.867530822753906,6965100,0.0,1,Sideways,-1
2020-06-22,51.042280605861116,51.50212097167969,50.876737793502144,51.50212097167969,4480400,0.0,1,Sideways,-1
2020-06-23,52.09070438278415,52.56893867685497,51.98953896368995,52.20106506347656,7836500,0.0,1,Sideways,0
2020-06-24,52.15507074864048,52.47696096959282,51.64924726806058,52.03551483154297,7080200,0.0,1,Sideways,-1
2020-06-25,52.01713376901104,52.50456334345792,51.456128065732905,52.458580017089844,4509600,0.0,1,Sideways,0
2020-06-26,52.42179498396784,52.66091039989046,51.695246457109576,51.80561065673828,6229300,0.0,1,Sideways,-1
2020-06-29,51.81480692276788,51.879184286313254,51.18942381263866,51.86079025268555,5016600,0.0,1,Sideways,-1
2020-06-30,51.732035578082524,52.41260078978537,51.676853477143425,52.210269927978516,7158700,0.0,1,Sideways,0
2020-07-01,52.394209609223935,52.8540499505138,52.20107399957162,52.256256103515625,6866500,0.0,1,Sideways,0
2020-07-02,53.29549773843738,54.325539149230444,53.29549773843738,53.91168212890625,10021200,0.0,1,Sideways,0
2020-07-06,55.79702337681194,57.1397597927312,55.69586145224082,56.90983963012695,12725600,0.0,1,Sideways,0
2020-07-07,56.33962868267372,56.56035355728223,55.80621579051603,55.833805084228516,6672300,0.0,1,Sideways,-1
2020-07-08,56.68910796056138,57.700758660190694,56.56035324620741,57.56280517578125,8721900,0.0,1,Sideways,1
2020-07-09,57.893894438843866,59.75164967078718,57.838712339886044,59.576908111572266,16903300,0.0,1,Sideways,1
2020-07-10,59.29181558031826,59.37458347496817,58.114621904059135,58.72161102294922,10700000,0.0,1,Sideways,-1
2020-07-13,59.96317243786574,61.69217646008379,59.76084859939479,59.8436164855957,16667700,0.0,1,Sideways,-1
2020-07-14,60.69892877420034,61.646198812716314,60.08274436305403,61.58182144165039,10482700,0.0,1,Sideways,1
2020-07-15,61.78413788302469,61.81172717608782,59.926386311849924,60.754093170166016,12432500,0.0,1,Sideways,-1
2020-07-16,60.128707386758975,61.278307989250884,59.153848321159515,61.241519927978516,15709400,0.0,1,Sideways,2
2020-07-17,61.903697208368605,62.53827904992439,61.03920223985287,61.06679153442383,11716600,0.0,1,Sideways,0
2020-07-20,61.342684004029216,61.60020042731764,60.514977201577096,61.517425537109375,6357300,0.0,1,Sideways,0
2020-07-21,63.31080282087384,63.6878751972324,62.271566372514286,62.36353302001953,10619700,0.0,1,Sideways,0
2020-07-22,62.63024811673829,63.365995411134776,62.56587075472406,63.02571105957031,7366100,0.0,1,Sideways,2
2020-07-23,62.777392643878486,62.998113998347286,61.388673129776365,61.95887756347656,8559500,0.0,1,Sideways,0
2020-07-24,65.66521436924506,70.71426029231077,65.6192275199086,67.96441650390625,41226800,0.0,1,Sideways,0
2020-07-27,74.82521217186479,76.70136138757302,73.96990895612436,76.56340789794922,39899200,0.0,1,Sideways,2
2020-07-28,72.9766530208053,73.18818264267463,70.34636598621907,70.74182891845703,31500100,0.0,1,Sideways,0
2020-07-29,70.91658365103872,76.67378714780634,70.87059680659932,76.0300064086914,28304000,0.0,1,Sideways,2
2020-07-30,73.58361638480586,74.75160717718546,72.29606267317101,73.51004028320312,16820300,0.0,1,Sideways,0
2020-07-31,73.23416582552511,73.36292055201791,71.28444738628771,72.55360412597656,12021200,0.0,1,Sideways,0
2020-08-03,71.52354901300468,72.79271258680593,71.19247049006233,72.60877227783203,10129800,0.0,1,Sideways,0
2020-08-04,72.95825784077999,73.74918365478516,72.41564268158781,73.74918365478516,12569400,0.0,1,Sideways,2
2020-08-05,74.47572256409575,77.25315431032766,74.09865022865843,75.0735092163086,14436300,0.0,1,Sideways,2
2020-08-06,75.45059167760375,75.50577026420288,73.77677339024248,74.05267333984375,9838700,0.0,1,Sideways,0
2020-08-07,74.02509541952499,74.30100242812135,73.0318456251128,73.60204315185547,8705800,1.0,1,Sideways,0
2020-08-10,74.08026274479488,74.35616266867977,72.85708606741747,73.45487976074219,7421400,1.0,1,Sideways,-1
2020-08-11,72.73755906306583,72.8387245234641,71.679931640625,71.679931640625,7056300,1.0,1,Sideways,-1
2020-08-12,71.88223226210914,73.16058761381618,71.48676936086561,73.01343536376953,8354400,1.0,1,Sideways,-1
2020-08-13,72.65475987480389,72.74672652195723,71.57873536823828,72.010986328125,6551800,1.0,1,Sideways,-1
2020-08-14,72.12135148311313,72.8662975457258,71.78107414931077,72.1121597290039,5611200,1.0,1,Sideways,-1
2020-08-17,73.39050881082997,74.3929572166007,73.26175409846687,73.74918365478516,8663900,1.0,1,Sideways,0
2020-08-18,73.77677648008844,74.32858341900683,72.88468520414418,73.0318374633789,6804800,1.0,1,Sideways,-1
2020-08-19,72.66397100411258,72.86630187222822,71.96501173696949,72.23171997070312,7976800,1.0,1,Sideways,-1
2020-08-20,70.19000646570339,70.90735604092622,69.87731850382862,70.6406478881836,11457100,1.0,1,Sideways,-1
2020-08-21,71.75347015722186,72.406449492609,71.60632492455542,72.04776763916016,7942300,1.0,1,Sideways,0
2020-08-24,73.32614180439474,73.49168460317108,72.18573273877703,72.56280517578125,6405600,1.0,1,Sideways,0
2020-08-25,73.4364874004663,74.01589061302725,73.0870113322622,73.6112289428711,6113100,1.0,1,Sideways,0
2020-08-26,74.72405098264734,75.57015547594226,74.50332959670223,75.18389129638672,7821600,1.0,1,Sideways,1
2020-08-27,75.57935595840583,75.69891191670719,73.73079589066205,74.12625885009766,8018200,1.0,1,Sideways,-1
2020-08-28,73.62963518773414,74.38377308712357,73.49168869491233,73.97911834716797,5699500,1.0,1,Sideways,-1
2020-08-31,72.65476917543621,73.35372841316612,72.36967042778333,72.88468933105469,9812900,1.0,1,Sideways,-1
2020-09-01,73.68481071149958,75.04593404274155,73.56524774528366,74.99995422363281,10193300,1.0,1,Sideways,1
2020-09-02,74.81602203397118,76.06678832209404,73.46409030955847,75.57015991210938,12567800,1.0,1,Sideways,1
2020-09-03,74.60448938059152,75.23906419423155,72.08455960006481,74.65966796875,20090100,1.0,1,Sideways,-1
2020-09-04,74.03428736372767,74.92637865710284,71.19247771363747,72.5719985961914,13638700,1.0,1,Sideways,-1
2020-09-08,71.75346897299627,72.79271242066216,71.01772878859593,71.10969543457031,11553500,1.0,1,Sideways,-1
2020-09-09,72.30527915926633,73.29852870789753,72.24090180873833,73.02262878417969,7867500,1.0,1,Sideways,0
2020-09-10,74.255014215178,74.70566278866204,72.43405044524484,72.56280517578125,11241800,1.0,1,Sideways,-1
2020-09-11,73.58366498391389,73.85037326592168,72.28691164897347,72.48924255371094,7853500,1.0,1,Sideways,-1
2020-09-14,74.03429412841797,74.60449867128605,73.5284669519538,74.03429412841797,7091100,1.0,1,Sideways,0
2020-09-15,75.00915139309846,79.81908426864585,74.84360859582172,78.95458221435547,21048400,1.0,1,Sideways,1
2020-09-16,79.54318414054535,79.54318414054535,76.37028843796257,76.45305633544922,14492600,1.0,1,Sideways,0
2020-09-17,74.87875215115199,76.07126645767705,74.51822539020648,75.71998596191406,10090200,1.0,1,Sideways,0
2020-09-18,76.14521619771817,76.5796918858135,74.0560047671927,74.16693878173828,10528300,1.0,1,Sideways,-1
2020-09-21,73.76943268125376,74.55519587446034,73.10384271195726,74.49972534179688,8417100,1.0,1,Sideways,-1
2020-09-22,74.72158947503168,74.77705295197329,73.39965586953889,74.39804077148438,6375200,1.0,1,Sideways,0
2020-09-23,73.67696855786673,73.8895902736242,72.00375477718202,72.03148651123047,9094700,1.0,1,Sideways,-1
2020-09-24,71.014626895216,73.0298821532025,70.41374670743956,72.45673370361328,9940900,1.0,1,Sideways,-1
2020-09-25,72.26260923459037,72.95593094618629,71.54155578298393,72.91895294189453,6057500,1.0,1,Sideways,0
2020-09-28,74.24089173180532,74.29636226847835,73.46437474671947,73.74169921875,5999300,1.0,1,Sideways,0
2020-09-29,73.6769814065558,75.1006027762413,73.31645469538972,74.42577362060547,6114600,1.0,1,Sideways,0
2020-09-30,74.4997295350116,75.74771432410186,74.4812440583054,74.9434585571289,5878900,1.0,1,Sideways,1
2020-10-01,75.85864247197317,76.46876900528677,75.5628254702303,76.37632751464844,6253800,1.0,1,Sideways,1
2020-10-02,74.61065302012945,75.98805005736756,74.51821154398246,74.69385528564453,6145900,1.0,1,Sideways,-1
2020-10-05,75.3871743562539,78.23440980944497,75.3871743562539,78.15121459960938,10129100,1.0,1,Sideways,2
2020-10-06,77.43941231644573,78.06802430305221,76.51498333924992,76.83853912353516,7795600,1.0,1,Sideways,2
2020-10-07,78.37307926861938,80.42531250938094,78.37307926861938,80.35135650634766,11446400,1.0,1,Sideways,2
2020-10-08,82.14475600390655,82.14475600390655,79.98158862127636,81.16486358642578,10920800,1.0,1,Sideways,2
2020-10-09,81.66404978768796,82.08929330977544,81.0169523459603,82.07080078125,7608800,1.0,1,Sideways,2
2020-10-12,82.38511200249003,84.37262863745029,81.97836100047648,84.03984069824219,10022000,1.0,1,Sideways,2
2020-10-13,83.66082370566265,83.79948946491277,82.67168496716761,82.86581420898438,8247000,1.0,1,Sideways,0
2020-10-14,82.87506462647373,83.08767935552213,81.59934804084801,81.90441131591797,8159000,1.0,1,Sideways,0
2020-10-15,80.69341662185053,82.72715781155566,80.6009751228338,81.4884262084961,10327900,1.0,1,Sideways,0
2020-10-16,81.85820215460454,81.89517311325231,79.9076561291285,80.14800262451172,7457200,1.0,1,Sideways,0
2020-10-19,81.6640388885975,82.84731370714302,80.69339285555091,80.94298553466797,7994500,1.0,1,Sideways,0
2020-10-20,81.15560522602367,82.25567775530517,81.13711270043142,81.590087890625,7357600,1.0,1,Sideways,1
2020-10-21,81.34975516120187,82.15401096147484,80.95225039364173,81.01696014404297,7387600,1.0,1,Sideways,-1
2020-10-22,81.75649075992507,82.2187051906296,81.23880580160989,81.54386901855469,5656200,1.0,1,Sideways,-1
2020-10-23,81.58085091466343,81.76573387464002,80.8228194942269,81.63631439208984,4165400,1.0,1,Sideways,-1
2020-10-26,80.61946514444527,81.14638947665075,79.28828491452211,80.17574310302734,5568000,1.0,1,Sideways,-1
2020-10-27,80.38834143165418,80.62869493579751,79.482405001383,80.15723419189453,5315800,1.0,1,Sideways,-1
2020-10-28,78.715150408505,78.95550398329259,77.50414332030101,77.51338958740234,8727300,1.0,1,Sideways,-1
2020-10-29,77.9016211291631,78.88152056952228,77.67051390170253,78.47476959228516,5845600,1.0,1,Sideways,0
2020-10-30,78.04954599885025,78.34536301662266,76.87552419317556,77.53186798095703,4963600,1.0,1,Uptrend,-1
2020-11-02,78.20667912983073,79.46390292733085,78.14196939258436,79.23279571533203,6597100,1.0,1,Uptrend,0
2020-11-03,79.67652805572641,81.57160304304966,79.5563477865608,81.06317138671875,6274700,1.0,1,Uptrend,0
2020-11-04,82.01533350821886,82.985979625919,81.77498001833618,82.6901626586914,7620800,1.0,1,Uptrend,0
2020-11-05,83.58686121892077,84.0860536818529,82.98598101060435,83.59610748291016,6670100,1.0,1,Uptrend,1
2020-11-06,83.0229753610327,84.58526279970474,82.32041432182999,84.50206756591797,6403000,1.0,1,Uptrend,1
2020-11-09,85.23235645539789,85.49120251641,82.21872279979962,82.30191802978516,8978000,1.0,1,Uptrend,0
2020-11-10,81.71952162384852,82.08929461909065,80.14798815727775,81.03544616699219,8350100,1.0,1,Uptrend,0
2020-11-11,82.73638329750199,84.2894240705628,82.60696382081629,84.01209259033203,7707300,1.0,1,Uptrend,1
2020-11-12,84.01210377271131,84.94577902407651,82.99523329790273,83.03221130371094,7474600,1.0,1,Uptrend,1
2020-11-13,84.62222163030972,86.72067211215848,84.31715840323277,86.17526245117188,9170900,1.0,1,Uptrend,1
2020-11-16,89.1334376795316,94.69850390894304,89.07797419942999,91.76805877685547,18436200,1.0,1,Uptrend,-1
2020-11-17,90.57556209570134,90.67724280335014,88.45861870912121,88.47710418701172,10843700,1.0,1,Uptrend,0
2020-11-18,91.0747274054926,91.3335734084594,89.08721101574687,89.60488891601562,8526600,1.0,1,Uptrend,0
2020-11-19,89.45700228084205,89.54020456859669,88.39391444174447,89.30909729003906,5542800,1.0,1,Uptrend,0
2020-11-20,89.35531631697972,89.85450180284121,88.0980922312653,88.12582397460938,5329800,1.0,1,Uptrend,0
2020-11-23,89.81752790527707,91.45376418449473,89.5309501101614,90.71421813964844,8802400,1.0,1,Uptrend,2
2020-11-24,91.04700706016563,91.13944854637525,88.76366638133815,89.3368148803711,7022800,1.0,1,Uptrend,0
2020-11-25,88.93007475077019,90.58480365172264,88.87461126282979,90.12258911132812,5194900,1.0,1,Uptrend,2
2020-11-27,91.09323896033577,91.7680682137447,90.64027070298133,91.27812194824219,4367100,1.0,1,Uptrend,2
2020-11-30,90.18728758027866,90.54781431244912,88.93006362348771,89.68809509277344,13840500,1.0,1,Uptrend,0
2020-12-01,91.23190568266082,96.41795324474425,91.074747383178,93.2379150390625,16157300,1.0,1,Uptrend,2
2020-12-02,94.29175650596727,94.3287345117214,91.99916951904606,92.01766204833984,8676300,1.0,1,Uptrend,0
2020-12-03,93.42276606008167,93.54294630990425,91.91594975527866,91.98065948486328,7359000,1.0,1,Uptrend,0
2020-12-04,93.83879571923448,95.90951483583636,93.09000338579384,95.89102935791016,10824500,1.0,1,Uptrend,2
2020-12-07,98.0079496101403,99.4777952396421,97.03730348955689,98.34999084472656,11793000,1.0,1,Uptrend,2
2020-12-08,99.63499362615688,99.69045712992175,97.16676896891354,97.6567153930664,9876200,1.0,1,Uptrend,0
2020-12-09,97.99870758683323,98.54411724091422,95.68763538581352,96.52886199951172,8204100,1.0,1,Uptrend,0
2020-12-10,95.21617507714122,97.16672058712285,94.47662914861287,96.35322570800781,7135000,1.0,1,Uptrend,0
2020-12-11,96.14986474249697,97.17598152316585,95.41956496733772,96.16835021972656,7492600,1.0,1,Uptrend,0
2020-12-14,95.92798542702386,96.97259461501255,95.67839272316643,95.73385620117188,5878000,1.0,1,Uptrend,0
2020-12-15,97.6936405626462,98.34073793262199,96.52885824385737,97.14822387695312,7399900,1.0,1,Uptrend,1
2020-12-16,97.6659286315075,97.68441410889876,96.1036413106784,97.24993133544922,5986900,1.0,1,Uptrend,0
2020-12-17,97.38175191241048,97.77164854631862,96.40700324504913,96.45342254638672,7779300,1.0,1,Uptrend,-1
2020-12-18,96.54625177821669,97.28891808647006,95.76645852888238,96.80618286132812,7417000,1.0,1,Uptrend,-1
2020-12-21,96.13779769656992,97.4374603717615,95.91500060678021,97.31678009033203,6116400,1.0,1,Uptrend,0
2020-12-22,97.53955671195698,97.67880751982642,95.53436915944413,96.49054718017578,5597100,1.0,1,Uptrend,-1
2020-12-23,97.16823184023409,97.3539019606973,96.1749197141763,96.32345581054688,3320800,1.0,1,Uptrend,-1
2020-12-24,97.25178338661145,98.71853835719783,97.16823006328325,98.37506103515625,3172100,1.0,1,Uptrend,1
2020-12-28,99.88824246650785,100.41738994355109,98.35649753319598,98.54216766357422,5157000,1.0,1,Uptrend,0
2020-12-29,99.33122688993029,99.47047768993883,97.67880200572341,97.99443054199219,4602400,1.0,1,Uptrend,-1
2020-12-30,99.98107793618848,101.83773681769685,99.70258335351717,101.09507751464844,9571800,1.0,1,Uptrend,1
2020-12-31,101.80061106020256,101.8098892552524,100.668047996057,101.22504425048828,4909500,1.0,1,Uptrend,1
2021-01-04,103.48086993754148,105.92237348770462,102.53397006943004,103.69438171386719,11262100,1.0,1,Uptrend,0
2021-01-05,104.35349870702775,106.71144886684671,103.98216557515558,104.68769073486328,10583600,1.0,1,Uptrend,0
2021-01-06,105.69030357382239,108.04826116220912,104.48347957140146,107.32416534423828,10609300,1.0,1,Uptrend,2
2021-01-07,110.78682345896648,114.12881485229751,109.16224706377152,112.72703552246094,13556100,1.0,1,Uptrend,-1
2021-01-08,116.88595764603267,117.23872026676784,108.59597585673066,110.18341827392578,18976800,1.0,1,Uptrend,0
2021-01-11,111.1581490075727,114.74150069180224,110.28552427695577,113.81317138671875,12006800,1.0,1,Uptrend,2
2021-01-12,116.18971182279311,116.22683876634261,112.95912237445742,114.18451690673828,14163200,1.0,1,Uptrend,2
2021-01-13,115.48416851324339,115.85550165676064,109.54285946473941,110.68470764160156,20650500,1.0,1,Uptrend,0
2021-01-14,114.60226453619005,124.99955124981479,112.94983929502457,117.38725280761719,37125400,1.0,1,Uptrend,0
2021-01-15,119.2624851307078,119.3274608260706,114.3794702587613,116.25469970703125,17343100,1.0,1,Uptrend,0
2021-01-19,121.23053594391675,124.44256198001798,119.23463335063882,121.88965606689453,20443800,1.0,1,Uptrend,2
2021-01-20,125.50085633755572,126.37348825726448,120.77566299763279,121.2769546508789,17360700,1.0,1,Uptrend,2
2021-01-21,123.69986425637858,125.69576634378691,122.85508129596029,124.54464721679688,15460100,1.0,1,Uptrend,2
2021-01-22,120.71994357660876,121.84322833335244,119.5781024316214,119.88445281982422,19163200,1.0,1,Uptrend,0
2021-01-25,122.38166711499201,122.69729571292962,118.22274826581439,121.16555786132812,20469300,1.0,1,Uptrend,0
2021-01-26,119.80089821611702,120.05155109173172,117.20157336004615,117.57290649414062,17084600,1.0,1,Uptrend,0
2021-01-27,115.99475273210061,116.13400355505956,112.792019217,113.01481628417969,16732700,1.0,1,Uptrend,-1
2021-01-28,115.57699637235422,118.4362522796205,114.72293512709506,116.81167602539062,14148100,1.0,1,Uptrend,0
2021-01-29,115.11284503909468,115.44704418807355,111.910111457737,112.81058502197266,15169200,1.0,1,Uptrend,-1
2021-02-01,115.61414582285931,117.75858449819587,114.53728030527249,117.58220672607422,10179900,1.0,1,Uptrend,0
2021-02-02,120.1907895085217,120.9148851925834,118.31556045137665,119.23461151123047,9302400,1.0,1,Uptrend,1
2021-02-03,119.75449362362133,119.88445917412493,117.02520289786307,118.36199951171875,9676600,1.0,1,Uptrend,-1
2021-02-04,118.36199987426234,119.01182762877077,116.9416570089858,118.96540832519531,7445100,1.0,1,Uptrend,-1
2021-02-05,119.55953291498675,119.64309332353531,117.61932793805907,118.6219253540039,6226800,1.0,1,Uptrend,-1
2021-02-08,119.47598284384782,123.69988416041033,119.47598284384782,123.05005645751953,11160000,1.0,1,Uptrend,1
2021-02-09,124.37755386718523,124.77674282636461,122.30738352407204,123.17072296142578,7929100,1.0,1,Uptrend,1
2021-02-10,124.50754278890372,126.25280670861683,123.01293178993703,124.10836791992188,12196300,1.0,1,Uptrend,1
2021-02-11,125.69578255299359,129.25128550007545,124.4518246807497,129.18630981445312,12347900,1.0,1,Uptrend,2
2021-02-12,128.96352502350607,129.78973766438335,127.32967029693505,128.1651611328125,11114100,1.0,1,Uptrend,0
2021-02-16,131.46073440484804,132.00844538246952,129.42769063636555,130.01254272460938,11833600,1.0,1,Uptrend,0
2021-02-17,129.2327391279611,129.63191396178172,126.34563419166541,126.50344848632812,12311200,1.0,1,Uptrend,0
2021-02-18,125.18520585960928,126.14138386024241,123.83911710602916,124.98097229003906,11614600,1.0,1,Uptrend,-1
2021-02-19,126.39202153311507,128.06301701366147,125.9928467554963,126.865478515625,10771900,1.0,1,Uptrend,1
2021-02-22,124.01549699824831,125.58437564518785,123.63487861871793,123.99694061279297,10363800,1.0,1,Uptrend,-1
2021-02-23,119.84732055664062,122.29810938826034,116.39392727969754,119.84732055664062,18444700,1.0,1,Uptrend,-1
2021-02-24,120.22793851117879,122.89225358835334,118.52910104932253,122.81798553466797,12782900,1.0,1,Uptrend,0
2021-02-25,122.09387167690909,122.11242806370137,116.70955898437005,116.96949005126953,13581200,1.0,1,Uptrend,-1
2021-02-26,116.44034554035738,118.25987013654256,114.02669075287056,116.9137954711914,17281000,1.0,1,Uptrend,-1
2021-03-01,120.33932484085994,120.96130373662857,118.12061142418953,119.87516021728516,9714900,1.0,1,Uptrend,0
2021-03-02,119.22532341725724,119.30888381854552,116.96949005126953,116.96949005126953,8274500,1.0,1,Uptrend,-1
2021-03-03,117.6379085695183,118.60337204359088,113.91530550669272,114.08240509033203,10660300,1.0,1,Uptrend,-1
2021-03-04,113.20976308929072,114.32376257547337,105.35609752097378,107.30558776855469,24454200,1.0,1,Uptrend,-1
2021-03-05,112.23503581637115,112.60636902577572,107.1106531082902,112.14220428466797,17448700,1.0,1,Uptrend,0
2021-03-08,111.90083830871797,112.32786902700879,105.55106087250783,105.76457977294922,17246900,-1.0,1,Uptrend,-1
2021-03-09,108.67951281276414,109.91419250368327,107.06422178498016,108.0389633178711,17717100,-1.0,1,Uptrend,-1
2021-03-10,109.35720653498515,109.57071833147978,105.28184102135855,105.67173767089844,15240300,-1.0,1,Uptrend,-1
2021-03-11,109.76567830538657,112.14220664606361,108.67953448814539,111.93797302246094,15091600,-1.0,1,Uptrend,0
2021-03-12,110.47118539634607,110.47118539634607,108.87445788597434,109.82135772705078,8171000,-1.0,1,Uptrend,0
2021-03-15,110.14628924971007,110.57331994133527,108.34532787332382,110.54547119140625,8935000,-1.0,1,Uptrend,0
2021-03-16,111.13958883395277,112.55993157964011,109.63569276538286,110.79610443115234,10793400,-1.0,1,Uptrend,0
2021-03-17,109.72264048483272,111.37197131563133,107.52352797091689,110.66378784179688,9890400,-1.0,1,Uptrend,0
2021-03-18,109.95560118829319,110.26310584699536,106.32147396445187,106.69420623779297,10283800,-1.0,1,Uptrend,-1
2021-03-19,106.58239243274777,107.05762629470374,105.49215631644641,105.8835220336914,11536000,-1.0,1,Uptrend,-1
2021-03-22,106.96443911827043,110.26310807364568,106.96443911827043,109.1915054321289,9376400,-1.0,1,Uptrend,0
2021-03-23,108.18512714894901,108.79081619846174,106.80602699332408,107.0576171875,8977400,-1.0,1,Uptrend,0
2021-03-24,104.80258270657247,106.87123976193136,101.42936644331127,101.53186798095703,24196100,-1.0,1,Uptrend,-1
2021-03-25,100.6373297270369,105.06350858077232,100.53482817431352,102.92030334472656,16772400,-1.0,1,Uptrend,0
2021-03-26,104.364640033429,108.74422476254963,103.61917547519374,108.61376953125,12910900,-1.0,1,Uptrend,0
2021-03-29,108.60443979785913,108.80012261493368,104.72803606168937,106.59169006347656,10863600,-1.0,1,Uptrend,0
2021-03-30,107.42102463053563,108.17580229026613,106.49851781205652,107.225341796875,8206200,-1.0,1,Uptrend,0
2021-03-31,107.89625949681478,110.29105483135997,107.68193613824646,110.21650695800781,9806500,-1.0,1,Uptrend,1
2021-04-01,114.4376967082555,116.36657873717546,113.3474605852306,116.29203796386719,17904000,-1.0,1,Uptrend,2
2021-04-05,118.40727721184425,118.71478188158494,114.3165565386852,116.01248168945312,14113900,-1.0,1,Uptrend,0
2021-04-06,115.54655102023521,115.55587128107607,113.25425739343076,114.09290313720703,13042300,-1.0,1,Uptrend,0
2021-04-07,114.09291306113407,114.25132196282705,111.67015689965176,111.71675109863281,11193200,-1.0,1,Uptrend,0
2021-04-08,113.10516310879326,115.3788233523746,113.10516310879326,115.01541137695312,10226700,-1.0,1,Uptrend,1
2021-04-09,114.38180392245305,115.02476705042815,113.4033823893847,114.42839813232422,8315200,-1.0,1,Uptrend,1
2021-04-12,113.87860460086247,114.11156140769901,111.11107659815994,112.65791320800781,9868400,-1.0,1,Uptrend,0
2021-04-13,114.05563176984737,114.52154529251074,112.1453834832171,113.0026626586914,8384800,-1.0,1,Uptrend,-1
2021-04-14,113.67359239380423,114.08359861605655,112.28517192655475,112.60198974609375,9521900,-1.0,1,Uptrend,-1
2021-04-15,113.40336555819235,113.68291655737218,108.61377439656654,110.28174591064453,18709100,-1.0,1,Uptrend,-1
2021-04-16,111.06449514812299,112.37836790864513,109.8158429031818,110.73834991455078,9512100,-1.0,1,Uptrend,-1
2021-04-19,109.95560128784707,110.77560660251848,107.34648248137388,107.53285217285156,12630300,-1.0,1,Uptrend,-1
2021-04-20,108.13854091760945,108.81877073903354,106.74080022729623,107.113525390625,9299200,-1.0,1,Uptrend,-1
2021-04-21,106.69421458601144,109.4803759282712,106.01397760074349,109.39651489257812,8472200,-1.0,1,Uptrend,0
2021-04-22,109.4896965794021,109.4896965794021,106.61035392861821,107.45831298828125,7411800,-1.0,1,Uptrend,-1
2021-04-23,108.63240230320203,110.62651167851145,108.026713281518,110.55196380615234,8380300,-1.0,1,Uptrend,0
2021-04-26,111.81925215482373,113.25426674392382,111.26015731590493,113.23562622070312,8444000,-1.0,1,Uptrend,0
2021-04-27,113.21698600719807,113.35676148585232,111.71674389547994,113.0026626586914,5491800,-1.0,1,Uptrend,0
2021-04-28,111.81925922827713,112.21062492934962,110.63584186285978,111.50244140625,6476500,-1.0,1,Uptrend,-1
2021-04-29,112.49017627212778,112.5926778288157,109.59219322601035,110.9806137084961,8831800,-1.0,1,Uptrend,-1
2021-04-30,109.96492625640559,110.12333516898417,108.6976407372228,108.78150177001953,7950700,-1.0,1,Uptrend,-1
2021-05-03,109.46173565140622,109.53628352909018,107.8403584128029,108.03604125976562,10229500,-1.0,1,Uptrend,-1
2021-05-04,107.1601242316209,107.92422222437963,105.98602001031163,107.4955825805664,9638300,-1.0,1,Uptrend,-1
2021-05-05,108.09194128156506,108.54853456017428,107.02033871769426,107.51420593261719,7059000,-1.0,1,Uptrend,-1
2021-05-06,107.43965489376122,109.62012664000025,106.65691652458706,109.02375793457031,8581700,-1.0,1,Uptrend,0
2021-05-07,110.3283246359938,111.27878510316918,108.13853248054139,108.8653564453125,9614300,-1.0,1,Uptrend,0
2021-05-10,107.14147946452654,107.51420460450657,104.57895502614402,104.65349578857422,12281200,-1.0,1,Sideways,-1
2021-05-11,102.24941118238387,105.28716301492054,101.69030912357186,105.15670776367188,10007700,-1.0,1,Downtrend,0
2021-05-12,101.89529011852731,102.58484016944689,100.69323232817506,100.8330078125,15058900,-1.0,1,Downtrend,-1
2021-05-13,101.90461199789083,103.83349380622586,100.54414528803258,101.33619689941406,10552000,-1.0,1,Downtrend,-1
2021-05-14,103.0693952272297,105.13805250920217,102.72461664380879,104.79327392578125,8425200,-1.0,1,Downtrend,0
2021-05-17,101.63439162232851,102.52894487419765,100.51620183481141,102.31462860107422,10688600,-1.0,1,Downtrend,-1
2021-05-18,105.29645650267553,105.74373661413124,103.19052538202467,103.28370666503906,7476600,-1.0,1,Downtrend,-1
2021-05-19,101.10323867114684,104.82122674781095,100.63732512888349,104.73736572265625,7280500,-1.0,1,Downtrend,0
2021-05-20,104.72804749428875,105.96737924699462,104.45781678141687,105.557373046875,6442500,-1.0,1,Downtrend,0
2021-05-21,106.22829085939861,106.22829085939861,104.07577250379512,104.22486114501953,5979400,-1.0,1,Downtrend,-1
2021-05-24,104.60692332135262,106.73148819699956,104.47646808227097,105.8835220336914,6653600,-1.0,1,Downtrend,0
2021-05-25,107.0203455920925,107.10421373150469,105.85556166725632,106.48920440673828,5331700,-1.0,1,Downtrend,0
2021-05-26,106.22830265965955,108.09195709228516,106.22830265965955,108.09195709228516,6605100,-1.0,1,Downtrend,0
2021-05-27,108.09195552584139,108.58582280584577,107.16012832303241,107.87763214111328,6513700,-1.0,1,Downtrend,0
2021-05-28,108.371495581289,109.80650307246752,108.04535040583542,109.3592300415039,5386500,-1.0,1,Downtrend,0
2021-06-01,111.54902929512978,111.85653396642955,109.42446449210794,110.43083953857422,7596100,-1.0,1,Downtrend,-1
2021-06-02,110.79424085362027,111.30674148029556,109.88104719027262,110.84082794189453,5383400,-1.0,1,Downtrend,-1
2021-06-03,110.00217599008312,110.19785879949218,108.52056741987793,108.85602569580078,4912200,-1.0,1,Downtrend,-1
2021-06-04,110.16991057435372,111.67946578135668,110.00218142810051,111.3626480102539,5352100,-1.0,1,Downtrend,0
2021-06-07,110.08605088210773,110.65446597078397,109.55490972981902,110.16059875488281,6266000,1.0,1,Downtrend,0
2021-06-08,109.53628546921244,109.65742044063677,107.21603072282137,108.01740264892578,11564800,1.0,1,Downtrend,-1
2021-06-09,108.0919430322027,109.6294591609816,108.0639893568338,109.14490509033203,6401600,1.0,1,Downtrend,-1
2021-06-10,109.06104765845583,110.74765248121172,108.67899512441899,110.17923736572266,8566600,1.0,1,Downtrend,0
2021-06-11,110.22583442495251,110.34696939511099,109.17287230480808,110.18856048583984,6036600,1.0,1,Downtrend,0
2021-06-14,110.46810693566799,112.75108051562071,110.38423879879117,112.74176025390625,7610300,1.0,1,Downtrend,0
2021-06-15,112.14539327237804,113.68290945323203,111.13901826935252,111.30674743652344,8196900,1.0,1,Downtrend,-1
2021-06-16,111.39994475377601,111.72608285235988,109.48969614749181,109.9742431640625,8059400,1.0,1,Downtrend,-1
2021-06-17,110.07806061058093,112.4726864236931,109.99387075554768,111.42504119873047,7608100,1.0,1,Downtrend,0
2021-06-18,109.91904975373602,110.27449981113887,107.76762310677857,108.3101577758789,12532800,1.0,1,Downtrend,-1
2021-06-21,107.92663488647776,107.94534691509152,105.71908652221627,106.76673889160156,11116200,1.0,1,Downtrend,-1
2021-06-22,106.16808817772852,107.09413382086902,104.77434170561125,106.94447326660156,11792400,1.0,1,Downtrend,0
2021-06-23,108.69365687873287,109.83484790762598,108.3288508464208,108.55335235595703,8913700,1.0,1,Downtrend,0
2021-06-24,109.18009811533263,110.0687269615766,108.75916302773076,109.66650390625,6772200,1.0,1,Downtrend,0
2021-06-25,109.86292532248363,110.31192127248418,109.00235748291016,109.00235748291016,6712800,1.0,1,Downtrend,-1
2021-06-28,109.71325330214853,112.2014178195155,109.61035855636723,111.88338470458984,11026600,1.0,1,Downtrend,0
2021-06-29,111.68695569606139,112.51946257320445,110.7702589614796,112.46334075927734,7874900,1.0,1,Downtrend,0
2021-06-30,112.39785766601562,112.95909718864186,111.32214441799583,112.39785766601562,7936400,1.0,1,Downtrend,0
2021-07-01,112.3417464952232,112.44464125658406,110.40546519700786,110.77027130126953,8295600,1.0,1,Downtrend,-1
2021-07-02,111.07893949686932,111.48116246850938,110.76090637985283,111.22860717773438,5144300,1.0,1,Downtrend,-1
2021-07-06,112.1078678115446,113.1461640425028,110.58316594299329,112.29495239257812,7181500,1.0,1,Downtrend,0
2021-07-07,112.84685355582694,113.23037165471197,110.57382727958247,110.61124420166016,7391800,1.0,1,Downtrend,-1
2021-07-08,108.38498748416107,110.63930166083335,107.92663555540595,110.25579071044922,7565400,1.0,1,Downtrend,-1
2021-07-09,110.37738507180086,112.98715630403677,110.02193504496407,112.77201080322266,8374200,1.0,1,Downtrend,0
2021-07-12,113.36132425379506,114.8018436004354,111.79919812954772,114.70829772949219,10668700,1.0,1,Downtrend,0
2021-07-13,115.2321364088192,117.37420713407857,114.24060576513389,115.89627075195312,13460200,1.0,1,Downtrend,-1
2021-07-14,117.06552153195119,117.65482202045196,116.05528600605122,116.3546142578125,10587700,1.0,1,Downtrend,-1
2021-07-15,112.36045348565854,112.90298104166496,109.32039799549347,109.93775939941406,23734500,1.0,1,Downtrend,-1
2021-07-16,111.07894284433775,111.30343723585285,107.73020331781692,108.26338195800781,12110000,1.0,1,Downtrend,-1
2021-07-19,106.63578407655719,108.1511372615392,105.91552797331417,107.89857482910156,9230200,1.0,1,Downtrend,0
2021-07-20,108.39434730844772,109.3204001372946,107.0380176870357,108.8807601928711,7108000,1.0,1,Downtrend,0
2021-07-21,108.72173263581678,110.25579071044922,108.44110929725437,110.25579071044922,5564700,1.0,1,Downtrend,0
2021-07-22,110.46158183582239,110.46158183582239,108.70302923272676,109.0304183959961,5746500,1.0,1,Downtrend,-1
2021-07-23,110.04999031213289,110.04999031213289,107.87985907007425,109.24554443359375,5773900,1.0,1,Downtrend,-1
2021-07-26,108.31016251378715,108.60013475391747,107.44959467197889,108.17920684814453,6440600,1.0,1,Downtrend,-1
2021-07-27,107.87051143564388,107.94534527586669,104.81175136615141,106.20549774169922,11127500,0.0,1,Downtrend,-1
2021-07-28,106.5796640708514,108.0482443453845,106.52353512016448,107.63666534423828,6819700,-1.0,1,Downtrend,0
2021-07-29,108.50659231570545,109.54488872689167,108.14178624005065,108.64690399169922,7162000,-1.0,1,Sideways,0
2021-07-30,108.03889774609736,109.83486732053353,107.74892549904585,109.10525512695312,6482600,-1.0,1,Sideways,0
2021-08-02,109.90969162909313,110.7328424951154,109.12395768469206,109.31103515625,6028800,-1.0,1,Sideways,0
2021-08-03,109.73197009417295,110.9760560560501,109.29233015752851,110.76091766357422,5874700,-1.0,1,Sideways,0
2021-08-04,110.77961548549837,111.82726788176065,110.63930381348719,111.06958770751953,4254000,-1.0,1,Uptrend,0
2021-08-05,111.37827353108601,111.53729009788792,110.60188845333809,111.51858520507812,4452300,-1.0,1,Uptrend,0
2021-08-06,110.72348970267795,110.93862807370893,109.86291480891056,110.57382202148438,4338100,-1.0,1,Uptrend,-1
2021-08-09,110.77026076240483,111.11636193919446,109.74132038324011,110.58318328857422,4280200,-1.0,1,Uptrend,-1
2021-08-10,110.8450969993977,111.35957076836023,106.7106233641749,108.84333801269531,5132800,-1.0,1,Uptrend,-1
2021-08-11,108.97430267405053,109.71327090479264,107.75827755783213,108.49724578857422,4490400,-1.0,1,Uptrend,-1
2021-08-12,108.08565525029519,108.45981017245704,107.04735892723636,108.22595977783203,6338400,-1.0,1,Uptrend,-1
2021-08-13,107.63666404218432,108.05759191622977,107.09412939024503,108.03888702392578,4593200,-1.0,1,Uptrend,-1
2021-08-16,107.66472995017513,108.02018714939442,106.72932828746892,107.22509002685547,5435900,-1.0,1,Uptrend,-1
2021-08-17,106.38321917808291,106.49546279432545,103.59571947778714,103.93246459960938,13398800,-1.0,1,Uptrend,-1
2021-08-18,104.52177823623931,105.70038631193331,103.24963142297715,103.31510925292969,9167300,-1.0,1,Uptrend,-1
2021-08-19,101.95877738327637,103.80151973104199,100.72404752061054,103.38058471679688,12146900,-1.0,1,Uptrend,-1
2021-08-20,102.0897496807254,102.62292840977177,100.77083688215774,101.1356430053711,13042000,-1.0,1,Uptrend,-1
2021-08-23,102.96903190711858,104.13828415769028,102.21135159589453,103.79218292236328,9533500,-1.0,1,Uptrend,-1
2021-08-24,104.59661443426755,105.76586652154766,104.57790954095236,104.86788177490234,6719800,-1.0,1,Uptrend,-1
2021-08-25,108.23532472638314,111.4811696135615,108.1417859881213,109.47005462646484,22106800,-1.0,1,Uptrend,0
2021-08-26,110.35868075603791,110.80766951474719,108.83397162419573,110.4709243774414,9892100,-1.0,1,Uptrend,1
2021-08-27,110.6860862023456,111.59342700408428,110.08742967808378,110.83574676513672,6827700,-1.0,1,Uptrend,1
2021-08-30,111.20053390828105,111.78048543955128,110.81702298304961,111.30342864990234,6434200,-1.0,1,Uptrend,1
2021-08-31,112.25756051766312,112.99652872035635,111.03217943232565,111.32215881347656,8424900,-1.0,1,Sideways,0
2021-09-01,112.45399527178678,113.52035265551378,111.83662671460341,112.6784896850586,8603900,-1.0,1,Uptrend,1
2021-09-02,113.12747903469644,113.54840692704215,112.67848309785249,112.98716735839844,6866400,-1.0,1,Uptrend,1
2021-09-03,113.72613679459451,116.43880306593516,113.42680854554268,115.96174621582031,10361400,1.0,1,Uptrend,1
2021-09-07,116.56975794641231,117.18711933369788,115.88691159155495,116.64458465576172,9739900,1.0,1,Uptrend,1
2021-09-08,115.02633344169605,115.18534999753462,113.39873669062683,114.01609802246094,7983300,1.0,1,Uptrend,0
2021-09-09,114.29673634065222,115.51275427227606,114.00675695995189,114.75508117675781,5101300,1.0,1,Uptrend,0
2021-09-10,115.07312536579785,116.30785544635572,114.9515257019385,115.02635955810547,5163900,1.0,1,Uptrend,1
2021-09-13,114.99828023520858,116.08334242971642,114.30607788130808,115.63435363769531,6622800,1.0,1,Uptrend,1
2021-09-14,115.6436980461777,115.6436980461777,114.49315806661232,115.13858032226562,5110500,1.0,1,Uptrend,0
2021-09-15,114.50251743537201,114.58670015688296,113.07134694075299,113.65129852294922,5566500,1.0,1,Uptrend,0
2021-09-16,112.70924478090107,113.77058758954468,112.09873493849904,113.45124816894531,7301400,1.0,1,Uptrend,0
2021-09-17,112.8876964321712,113.15068350727383,110.53958731038286,110.59593963623047,10722700,1.0,1,Uptrend,-1
2021-09-20,108.20086878701545,108.96166103861333,106.65112245175214,107.73124694824219,8991000,1.0,1,Uptrend,-1
2021-09-21,108.62352134157145,108.8301560754834,107.59035483787147,107.9754409790039,8182200,1.0,1,Uptrend,0
2021-09-22,108.2290391108202,109.17766995172595,107.92848145675764,108.83015441894531,5345600,1.0,1,Uptrend,0
2021-09-23,109.86333094675902,109.86333094675902,108.5671701229038,109.13072204589844,5484700,1.0,1,Uptrend,0
2021-09-24,108.95227933770732,109.47825356557233,108.51083361109431,108.61415100097656,4455900,1.0,1,Uptrend,-1
2021-09-27,108.67049095154727,109.48763553317208,108.02241768488264,109.09315490722656,5198800,1.0,1,Uptrend,0
2021-09-28,107.38373424932855,108.05059641834121,105.05440671365749,105.10137176513672,9792300,-1.0,1,Uptrend,-1
2021-09-29,105.47707255144968,105.99365229758592,104.27483457133458,104.83838653564453,6522400,-1.0,1,Uptrend,-1
2021-09-30,105.59916315585798,106.46326558832124,104.8665542602539,104.8665542602539,6433400,-1.0,1,Uptrend,-1
2021-10-01,105.19529773240932,105.4770737176798,103.59858625817249,104.78202819824219,5315200,-1.0,1,Uptrend,-1
2021-10-04,104.2560449936943,104.65992004922322,101.92671759220799,102.3963394165039,8514500,-1.0,1,Uptrend,-1
2021-10-05,103.12894224296375,103.6455218838592,102.58417927690574,102.62174987792969,8039600,-1.0,1,Uptrend,-1
2021-10-06,101.8515858439495,102.86596356125722,101.0438357146704,102.6968994140625,7553600,-1.0,1,Sideways,-1
2021-10-07,104.25604421097412,104.92290633656451,103.77702794734769,104.09637451171875,7821900,-1.0,1,Sideways,0
2021-10-08,104.23726142427446,104.32178991153502,102.85657213880364,103.3543701171875,5143400,-1.0,1,Sideways,0
2021-10-11,103.39194049865635,104.92290503567564,103.22287635864083,103.56100463867188,5318500,-1.0,1,Sideways,-1
2021-10-12,103.75825028358467,104.28422445033318,101.96429141850079,102.5654067993164,9294600,-1.0,1,Sideways,-1
2021-10-13,102.67810757918234,103.36375854355882,102.33058487588744,103.29801177978516,7845100,-1.0,1,Sideways,-1
2021-10-14,107.20526671717904,107.76881145865454,104.40632472931135,105.72126007080078,16930500,-1.0,1,Downtrend,1
2021-10-15,107.8063895467435,107.9660592541704,106.09696631829017,107.88153076171875,11558800,-1.0,1,Downtrend,2
2021-10-18,106.529013223065,108.34175375691984,106.529013223065,108.33235931396484,6773800,-1.0,1,Downtrend,2
2021-10-19,108.76441634587185,109.87272412737538,108.6047394810657,109.85393524169922,5406100,-1.0,1,Downtrend,1
2021-10-20,109.77879434809755,109.91968232763487,108.52960574971279,108.56716918945312,8205800,-1.0,1,Downtrend,0
2021-10-21,108.02240922243482,109.28099221590983,107.64671034655002,109.22463989257812,4640300,-1.0,1,Downtrend,0
2021-10-22,109.17769260739884,110.03240786823206,107.2898178100586,107.2898178100586,6283000,-1.0,1,Downtrend,0
2021-10-25,107.44948397841449,107.59037197086803,106.23785870869156,106.73565673828125,6667700,-1.0,1,Downtrend,-1
2021-10-26,107.95666315071993,108.2947914246043,106.81078479654072,107.24283599853516,4852300,-1.0,1,Downtrend,-1
2021-10-27,107.10196874435009,108.06938870618386,106.80141101673317,106.83898162841797,5394500,-1.0,1,Downtrend,-1
2021-10-28,106.75444853286578,108.97105719999617,106.64173670266139,108.961669921875,5714300,-1.0,1,Downtrend,0
2021-10-29,107.13950723761295,107.25221903887844,106.3411516847621,106.79198455810547,7118900,-1.0,1,Downtrend,-1
2021-11-01,106.67930046534882,107.39312051324212,106.46327126278854,107.18649291992188,4955700,-1.0,1,Downtrend,-1
2021-11-02,106.68869038946293,107.82518159315079,106.64173250312284,107.1771011352539,4479700,-1.0,1,Downtrend,-1
2021-11-03,106.54780703973516,107.16770415210533,105.88094487627696,107.08317565917969,6073000,-1.0,1,Downtrend,-1
2021-11-04,106.48205169749087,110.6898590989839,105.58037868288523,110.63350677490234,14682800,-1.0,1,Downtrend,0
2021-11-05,110.99042941092013,112.26780145188629,109.18708317633059,110.64291381835938,8668100,-1.0,1,Downtrend,0
2021-11-08,111.1970367078476,114.82251716881892,109.93845386520056,113.56393432617188,15776300,-1.0,1,Downtrend,-1
2021-11-09,113.88329027885568,115.78055926083215,112.86890543739015,114.38108825683594,10874100,1.0,1,Downtrend,1
2021-11-10,112.33352761371529,113.46062417791556,110.53018171002643,111.01858520507812,9046100,1.0,1,Downtrend,0
2021-11-11,112.01419909256609,113.15068304294469,110.64290423097225,111.00920867919922,6994000,1.0,1,Downtrend,0
2021-11-12,111.19705247560918,111.6009275220292,110.14509703320213,111.47882843017578,6947200,1.0,1,Downtrend,1
2021-11-15,112.07055573745127,112.37111342875606,110.37052696780796,110.94346618652344,5157000,1.0,1,Downtrend,0
2021-11-16,110.53959457405118,111.18766786146526,110.04179655405889,110.90589904785156,5555100,1.0,1,Downtrend,0
2021-11-17,110.83075893060825,112.28658956256655,110.37053151437136,111.82635498046875,6391400,1.0,1,Downtrend,1
2021-11-18,112.68106086443493,116.05294209921767,112.5213911651196,115.89327239990234,13229700,1.0,1,Downtrend,2
2021-11-19,114.61590219531023,117.21761113531586,114.6065077523093,116.71041870117188,9071800,1.0,1,Downtrend,2
2021-11-22,115.9966071975494,120.30773272179627,115.72422564058296,117.17066192626953,16076100,1.0,1,Downtrend,0
2021-11-23,115.26399007008526,115.71482304125875,112.25840587686474,113.98661804199219,10984000,1.0,1,Downtrend,0
2021-11-24,112.7092440945509,113.52638869394627,111.20645560646237,113.37610626220703,6992600,1.0,1,Downtrend,0
2021-11-26,110.36112940975629,111.80756549766826,109.44066747531762,109.97603607177734,6766900,1.0,1,Downtrend,-1
2021-11-29,111.16889457201576,112.59654196717882,110.73684329234982,112.03299713134766,7634000,1.0,1,Downtrend,0
2021-11-30,110.92466531403262,112.86889923710791,108.72683877745179,110.03238677978516,10561800,1.0,1,Downtrend,-1
2021-12-01,111.97662693146307,116.00598297185054,111.97662693146307,113.30095672607422,12924400,1.0,1,Downtrend,0
2021-12-02,113.03796134415845,115.90265707689915,112.7280092486436,114.30593872070312,8425500,1.0,1,Downtrend,0
2021-12-03,113.64846815595753,114.44682373049277,110.81195582272917,112.0799331665039,7809000,1.0,1,Downtrend,-1
2021-12-06,111.66670118259324,112.23964050656517,109.49705017382666,111.9015121459961,5681200,1.0,1,Downtrend,-1
2021-12-07,113.21643022840681,115.13248813088303,112.95344315341484,114.8882827758789,7459200,1.0,1,Downtrend,0
2021-12-08,114.2402102077313,114.79436772452888,112.81256291725934,114.39988708496094,5795700,1.0,1,Downtrend,0
2021-12-09,113.81753827910384,114.6722462179264,112.23021432232778,112.23960876464844,6103900,1.0,1,Downtrend,-1
2021-12-10,112.70924205777321,113.45124542789016,111.05617116781822,111.89209747314453,5973900,1.0,1,Downtrend,-1
2021-12-13,111.63851303135866,111.7981827495284,109.31857981539902,109.34675598144531,5854300,1.0,1,Downtrend,-1
2021-12-14,108.42628425998547,109.87272027433289,108.24782568162168,109.22463989257812,6267300,1.0,1,Sideways,-1
2021-12-15,109.69426046424306,113.18824778877658,109.40309724248525,113.08493041992188,6700700,1.0,1,Sideways,0
2021-12-16,113.49614506783139,113.88283142755547,109.53500598333522,109.9405517578125,9116100,1.0,1,Sideways,-1
2021-12-17,109.67646497359333,110.80821682006467,109.33693798055137,109.70475769042969,11725600,1.0,1,Sideways,-1
2021-12-20,109.32750636180386,109.98770094534183,107.43182234951608,108.40324401855469,6980800,1.0,1,Sideways,-1
2021-12-21,109.46896587142429,110.8176404213941,108.53527032006123,110.76105499267578,6122900,1.0,1,Uptrend,-1
2021-12-22,110.27062597033452,114.53357250059916,110.18574782570867,114.40153503417969,9300100,1.0,1,Uptrend,-1
2021-12-23,114.08087793556625,114.86367669789693,113.02457091186088,113.81680297851562,6512500,1.0,1,Uptrend,0
2021-12-27,114.32608941946006,116.25007328957841,114.30722281148192,115.72191619873047,6309900,1.0,1,Uptrend,0
2021-12-28,116.36325428107446,116.62733644722952,114.93913466141619,115.11832427978516,6321000,1.0,1,Uptrend,-1
2021-12-29,114.87310687851478,116.14632949853102,114.09030813747049,114.50528717041016,5847700,1.0,1,Uptrend,-1
2021-12-30,114.118603127659,114.63732692916768,113.35467097953062,113.57158660888672,4187800,1.0,1,Uptrend,-1
2021-12-31,114.44868938188351,114.82594237704822,113.38295632638295,113.46783447265625,3888200,1.0,1,Uptrend,-1
2022-01-03,117.07061069741725,122.22009463659418,116.94800650678347,121.47502899169922,18592000,1.0,1,Uptrend,0
2022-01-04,123.42726264457465,127.7939536359271,122.8896867066974,125.8133773803711,25554900,1.0,1,Uptrend,1
2022-01-05,123.27638292319058,123.43671310676267,119.6641903702566,119.83395385742188,17891200,1.0,1,Uptrend,0
2022-01-06,119.77737192986207,121.66362975552919,117.71191730819575,121.16377258300781,16249000,1.0,1,Uptrend,0
2022-01-07,119.35297134279384,119.90941396871627,116.29722836807461,116.47642517089844,21248100,1.0,1,Uptrend,-1
2022-01-10,117.99486993271259,118.7116499884684,116.25008271934274,117.90055847167969,11857700,1.0,1,Uptrend,0
2022-01-11,119.3435254382383,122.18234528899977,118.36267057163462,121.8239517211914,12113100,1.0,1,Uptrend,1
2022-01-12,123.07831392279444,125.36068399428898,122.81423899822508,124.70992279052734,16389200,1.0,1,Uptrend,1
2022-01-13,132.7454030418476,136.75370117987853,131.01947529313944,131.2741241455078,52020000,1.0,1,Uptrend,2
2022-01-14,128.35041622251086,135.69739885182304,128.35041622251086,132.6605224609375,28255300,1.0,1,Uptrend,-1
2022-01-18,128.97285976759164,129.37839823248837,125.70962787945622,126.21892547607422,15191400,1.0,1,Uptrend,0
2022-01-19,126.9640224667964,128.1712264458981,123.49331462463066,123.559326171875,11155100,1.0,1,Uptrend,0
2022-01-20,124.41755987034753,125.2003585660805,120.90911929258264,121.03173065185547,11421900,1.0,1,Uptrend,0
2022-01-21,119.85283491391121,120.70165245206987,117.20263753391013,117.4478530883789,15573700,1.0,1,Uptrend,-1
2022-01-24,116.73105431010437,118.90025353794637,113.29806588022545,118.7965087890625,17083400,1.0,1,Uptrend,0
2022-01-25,118.35323990352381,118.66447415760211,114.77878062210019,115.5144271850586,11370500,1.0,1,Uptrend,-1
2022-01-26,118.24950693650598,119.46614416373794,114.95798886631432,116.08031463623047,13592100,1.0,1,Uptrend,-1
2022-01-27,116.94799011862929,117.0800275963488,109.43125121536919,109.76134490966797,18599800,1.0,1,Uptrend,-1
2022-01-28,111.95882703424033,112.79821115095086,107.69588771776104,110.92138671875,14005900,1.0,1,Uptrend,0
2022-01-31,112.72276747575938,115.78793652349856,112.05314679340592,115.65589904785156,10189100,1.0,1,Uptrend,0
2022-02-01,115.91056167411459,116.23122209724524,113.26979745614067,116.05203247070312,6956300,1.0,1,Uptrend,0
2022-02-02,119.0511722516536,119.27752118819654,115.58045737748216,117.08946228027344,8562900,-1.0,1,Uptrend,0
2022-02-03,114.54302025546804,116.83482413501167,112.46813922346716,113.02458190917969,9926800,-1.0,1,Uptrend,-1
2022-02-04,113.59044949592136,114.90139811987241,112.6001612511226,114.13745880126953,5743200,-1.0,1,Uptrend,-1
2022-02-07,115.58987768807755,117.04229708275183,114.94854973712401,115.35409545898438,6562900,-1.0,1,Uptrend,-1
2022-02-08,115.06174209834069,116.81596267646385,114.6939223508797,116.67449188232422,7036200,-1.0,1,Uptrend,0
2022-02-09,117.77795164139515,118.40985356525722,115.77852268652889,118.38155364990234,10979700,-1.0,1,Uptrend,0
2022-02-10,117.70250009632613,121.34297855066801,117.28752104075252,117.61761474609375,10474900,-1.0,1,Uptrend,0
2022-02-11,118.36269139134342,119.38127245454034,113.59988698703623,114.12804412841797,9845700,-1.0,1,Uptrend,-1
2022-02-14,113.12831299581305,114.6373250498261,111.2892144488009,112.95854949951172,8081800,-1.0,1,Uptrend,-1
2022-02-15,115.0805856391962,117.52329324092563,114.55243575579632,117.43840789794922,9248700,-1.0,1,Uptrend,0
2022-02-16,116.1369012815186,117.22150104070799,114.65618908017404,116.57073974609375,5749500,-1.0,1,Uptrend,0
2022-02-17,115.52386524985053,115.76908079621676,112.84538243516849,112.94912719726562,7976700,-1.0,1,Uptrend,-1
2022-02-18,113.6658967636382,113.82623415213438,111.71362014426951,112.52471160888672,8389000,-1.0,1,Uptrend,-1
2022-02-22,110.81765020007012,112.571870600154,109.13888184193674,110.2612075805664,9793500,-1.0,1,Uptrend,-1
2022-02-23,111.80794032177474,112.63789121051934,109.17660967790468,109.30864715576172,8114700,-1.0,1,Uptrend,-1
2022-02-24,101.85791282045862,105.61156869967783,98.44378389294775,105.51725006103516,27539100,-1.0,1,Uptrend,0
2022-02-25,105.90394251803947,106.57356315760485,103.14057461914166,104.90422821044922,14258900,-1.0,1,Uptrend,0
2022-02-28,103.15003300957038,103.52727889591812,99.02855622213437,100.92424774169922,26390800,-1.0,1,Uptrend,-1
2022-03-01,103.74418121876839,104.79105489579798,100.9619537824661,101.90508270263672,20377900,-1.0,1,Uptrend,-1
2022-03-02,102.23518803107851,103.71590031659237,101.7258974927134,103.37637329101562,13342400,-1.0,1,Uptrend,0
2022-03-03,103.659303814735,103.74418196431907,101.48067110054248,102.60299682617188,10841700,-1.0,1,Uptrend,0
2022-03-04,100.9148168567649,101.9711240721892,97.90623263109066,99.08514404296875,22372100,-1.0,1,Uptrend,-1
2022-03-07,97.41580399649908,98.17030294675828,93.42636480324576,93.6432876586914,29422900,-1.0,1,Uptrend,-1
2022-03-08,94.51096059360134,97.24603625908145,93.01138886815228,94.31290435791016,25650000,-1.0,1,Uptrend,-1
2022-03-09,98.56640481872321,99.70758994122423,96.91592921919236,98.98137664794922,14348400,-1.0,1,Uptrend,-1
2022-03-10,98.26460653799039,99.52839586345105,96.68957573997967,98.04768371582031,11811000,-1.0,1,Uptrend,-1
2022-03-11,99.36806420362971,99.36806420362971,95.53896306722287,95.64270782470703,18116400,-1.0,1,Uptrend,-1
2022-03-14,95.74644243824154,96.06711000481859,93.43577951925533,93.65270233154297,17959400,-1.0,1,Uptrend,-1
2022-03-15,92.45491869635597,96.33117879024347,92.06823961502884,96.28401947021484,13415600,-1.0,1,Uptrend,-1
2022-03-16,97.60130067098754,100.25480048070483,97.4307184370742,100.1600341796875,20347100,-1.0,1,Uptrend,0
2022-03-17,100.21688784316962,100.95607507893892,99.26921041675666,100.91816711425781,8042000,-1.0,1,Uptrend,0
2022-03-18,100.17898266426455,101.43939541169252,99.40188744220468,101.13613891601562,10218200,-1.0,1,Uptrend,0
2022-03-21,101.13614335756074,101.60998210475304,99.62933238178232,101.32567596435547,10366100,-1.0,1,Uptrend,0
2022-03-22,100.82342306887166,102.31127666749347,100.67179840688938,101.43941497802734,10401200,-1.0,1,Uptrend,0
2022-03-23,100.92766023086612,102.52923762237397,99.83782958984375,99.83782958984375,12905300,-1.0,1,Sideways,-1
2022-03-24,101.19300181023249,102.33021914292854,100.29271108161126,102.27335357666016,10834000,-1.0,1,Downtrend,0
2022-03-25,102.05537638523361,102.33020368503155,100.30216749927418,101.1456069946289,7432100,-1.0,1,Downtrend,0
2022-03-28,100.09370559219327,101.13614945280094,99.13654924072168,100.76655578613281,8151200,-1.0,1,Downtrend,-1
2022-03-29,102.27335487990011,104.01708525350504,101.20248189923893,103.53376770019531,14076200,-1.0,1,Downtrend,0
2022-03-30,102.15014267442494,103.61903823240156,100.93711682028534,101.1456069946289,15456300,-1.0,1,Downtrend,-1
2022-03-31,101.36358163136717,101.54364266487963,98.73851821278646,98.80485534667969,13021600,-1.0,1,Downtrend,-1
2022-04-01,100.23584865778396,100.40643090152592,96.86211898178254,97.41177368164062,12085100,-1.0,1,Downtrend,-1
2022-04-04,98.57740558832698,100.04630853417666,97.87612629679215,99.30712127685547,9077200,-1.0,1,Downtrend,-1
2022-04-05,99.01335233811221,99.12706901532508,96.76735397048249,97.13694763183594,12291000,-1.0,1,Downtrend,-1
2022-04-06,95.16577986786594,96.7957864455051,94.50240846078306,95.88601684570312,14902600,-1.0,1,Downtrend,-1
2022-04-07,95.16576989279845,95.93339356076923,94.43606142149372,95.26053619384766,12431000,-1.0,1,Downtrend,-1
2022-04-08,95.35532260982978,95.43113132278948,93.93380621139573,94.09490966796875,11796200,-1.0,1,Downtrend,-1
2022-04-11,93.08088900191798,93.23251364839314,91.83943373996726,92.46489715576172,12480500,-1.0,1,Downtrend,-1
2022-04-12,94.76774977340449,94.9099028441057,92.3416976928711,92.3416976928711,13291500,-1.0,1,Downtrend,-1
2022-04-13,94.57822109847856,96.87159900310371,94.29391494525477,96.18927001953125,15776800,-1.0,1,Downtrend,0
2022-04-14,98.55844654482905,99.03228523014073,93.18511758864372,93.21354675292969,17828500,-1.0,1,Downtrend,-1
2022-04-18,92.82500892046407,94.6161188303142,92.3701277660099,93.60210418701172,10277400,-1.0,1,Downtrend,-1
2022-04-19,93.28937951416513,94.24652862548828,92.59757172746656,94.24652862548828,10103000,-1.0,1,Downtrend,-1
2022-04-20,95.14682284893887,95.7154279053055,93.72530659291948,93.82955169677734,8596900,-1.0,1,Downtrend,0
2022-04-21,94.53083641238165,95.38374766063983,92.31327439711637,92.5501937866211,13038500,-1.0,1,Downtrend,-1
2022-04-22,91.95313777445715,92.67337462925336,90.37051823777747,90.67377471923828,11650100,-1.0,1,Downtrend,-1
2022-04-25,90.07675169338975,91.24239100087232,89.50813939390918,91.20448303222656,10654400,-1.0,1,Downtrend,-1
2022-04-26,89.97250418359533,90.04831288865591,87.9160385131836,87.9160385131836,14176000,-1.0,1,Downtrend,-1
2022-04-27,87.03470141538192,87.84023310495813,85.49946843475276,85.5373764038086,15846300,-1.0,1,Downtrend,-1
2022-04-28,87.33794835745778,91.16655850250936,86.97782633584478,90.23783874511719,15176200,-1.0,1,Downtrend,0
2022-04-29,88.30458446093617,90.58848333971271,87.91603323866256,88.06766510009766,10629300,-1.0,1,Downtrend,0
2022-05-02,87.66016479687103,89.33755071493708,86.4660891762616,88.85424041748047,8251900,-1.0,1,Downtrend,-1
2022-05-03,87.92550897246603,89.12906333248453,87.66963925297033,88.73103332519531,9511900,-1.0,1,Downtrend,0
2022-05-04,88.99640360351853,91.0433833843004,87.11052004333818,90.96756744384766,9082500,-1.0,1,Downtrend,0
2022-05-05,89.11958570272328,89.44179255595878,86.44713565978581,87.32847595214844,11517200,-1.0,1,Downtrend,-1
2022-05-06,86.61773156663028,88.02029032491916,85.54685128244647,86.835693359375,7944900,-1.0,1,Downtrend,-1
2022-05-09,85.23411435267508,85.47103372125137,82.45741906375264,82.73224639892578,11428600,-1.0,1,Downtrend,-1
2022-05-10,85.30993979237765,85.56581680955483,83.48092161893054,84.1727294921875,11690400,-1.0,1,Downtrend,-1
2022-05-11,84.22009774662492,85.83114652264656,83.20608316237961,83.23451232910156,11531300,-1.0,1,Downtrend,-1
2022-05-12,81.70875016237532,83.59462624648934,80.92217615068677,83.10183715820312,11592900,-1.0,1,Downtrend,-1
2022-05-13,84.22009466809368,86.57980941242666,83.547244569517,86.20073699951172,11180600,-1.0,1,Downtrend,0
2022-05-16,85.1677805588951,86.58929682610363,84.81713727677631,85.67952728271484,6729100,-1.0,1,Downtrend,0
2022-05-17,88.41831312017183,88.59836692756926,87.53697276116593,88.43726348876953,7668800,-1.0,1,Downtrend,0
2022-05-18,87.2526753933415,88.35198486787827,85.64162638295485,85.79325103759766,9610900,-1.0,1,Downtrend,-1
2022-05-19,85.1393469408043,87.28110021113844,84.87399838575874,85.489990234375,7739000,-1.0,1,Downtrend,-1
2022-05-20,88.17191208896986,88.17191208896986,84.18219083447644,86.03015899658203,10469900,-1.0,1,Downtrend,0
2022-05-23,86.25759791193946,87.10103749026051,85.9069618844202,86.71248626708984,6920500,-1.0,1,Downtrend,0
2022-05-24,84.83608719091599,85.10144296607842,83.88840968452405,84.07794952392578,8788600,-1.0,1,Downtrend,-1
2022-05-25,84.65603383507535,86.1628376078177,84.38120648912368,85.67952728271484,9113500,-1.0,1,Downtrend,0
2022-05-26,84.73184379448111,86.58929071832284,84.38120053709576,86.2386474609375,9762700,-1.0,1,Downtrend,0
2022-05-27,87.77388524720882,88.91109525917784,87.68859051969844,88.86370849609375,6279000,-1.0,1,Downtrend,0
2022-05-31,90.54111551812721,91.25187369258688,89.56500878203558,90.31367492675781,9621700,-1.0,1,Downtrend,0
2022-06-01,90.59796674353056,91.31820366154535,88.92058076482576,89.79244232177734,6152400,-1.0,1,Downtrend,-1
2022-06-02,89.0721995984164,91.32767650856961,88.72156357673747,91.29924011230469,6335000,-1.0,1,Downtrend,0
2022-06-03,89.42284193362538,89.6313321228675,88.03923376798794,88.86370849609375,9137100,-1.0,1,Downtrend,-1
2022-06-06,90.02936837528722,90.54111512630831,88.01081777143126,88.2382583618164,9440200,-1.0,1,Downtrend,-1
2022-06-07,87.82126522966632,88.94900367895562,86.96835410122084,88.93004608154297,7360200,-1.0,1,Downtrend,0
2022-06-08,89.08168227045293,89.96302260765604,88.26667906700895,88.57941436767578,6446300,-1.0,1,Downtrend,-1
2022-06-09,88.13400458569868,88.60784332003038,86.04911704672125,86.09649658203125,8086700,-1.0,1,Downtrend,-1
2022-06-10,85.80272753992081,85.97330979070419,83.9926599215968,84.04004669189453,10460400,-1.0,1,Downtrend,-1
2022-06-13,81.55711704466266,82.28683271228432,80.57153165307035,81.07380676269531,14603700,-1.0,1,Downtrend,-1
2022-06-14,82.20154675571433,83.28189855923695,81.77509476018909,82.62800598144531,10449600,-1.0,1,Downtrend,0
2022-06-15,82.9312587996862,85.11091267871556,82.79858453010205,84.46649169921875,11742500,-1.0,1,Downtrend,0
2022-06-16,81.18644965706379,81.862843744161,80.01466364221626,80.51957702636719,10505200,-1.0,1,Downtrend,-1
2022-06-17,80.97687530517578,81.54847532426048,79.97656982056112,80.97687530517578,9735500,-1.0,1,Downtrend,-1
2022-06-21,81.92953913892694,83.59670999349812,81.92953913892694,82.8345718383789,9604000,-1.0,1,Downtrend,0
2022-06-22,80.6339114441011,82.10102271940734,80.54817471451585,80.8911361694336,7868700,-1.0,1,Downtrend,-1
2022-06-23,80.14804074398866,80.24331345908307,78.84288885933258,80.13851928710938,10370300,-1.0,1,Downtrend,-1
2022-06-24,80.16710383139686,82.45351105696862,80.16710383139686,81.85332489013672,10670100,-1.0,1,Downtrend,0
2022-06-27,82.80598461298125,82.8821998744962,81.52941168989913,81.79615783691406,7358000,-1.0,1,Downtrend,0
2022-06-28,82.07244235434236,82.70120016501764,80.34810638427734,80.34810638427734,8289200,-1.0,1,Downtrend,-1
2022-06-29,80.43385375783754,80.60533448945596,79.38591918385322,79.6907730102539,7981300,-1.0,1,Downtrend,-1
2022-06-30,77.60440143870491,78.32843177920543,76.32782870483804,77.88067626953125,14201600,-1.0,1,Downtrend,0
2022-07-01,75.29896019900055,75.4704409133002,72.57432622084389,73.35551452636719,19531700,-1.0,1,Downtrend,-1
2022-07-05,71.02147573329846,72.5457446555172,70.24980891307558,72.50763702392578,22253100,-1.0,1,Downtrend,0
2022-07-06,70.77378656657453,72.68865344549256,70.28792330243061,71.98367309570312,11530500,-1.0,1,Downtrend,0
2022-07-07,74.87978169180414,77.12808110562452,74.63208571752558,76.83275604248047,15847800,-1.0,1,Downtrend,0
2022-07-08,76.13729883156438,78.2712824592523,75.98487558289358,77.65204620361328,10004200,-1.0,1,Downtrend,0
2022-07-11,75.99439643968525,76.47073089899158,75.08936387431804,75.36563873291016,9519600,-1.0,1,Downtrend,-1
2022-07-12,77.31862817994954,77.62348200332809,75.19417287419793,75.35612487792969,10363700,-1.0,1,Downtrend,-1
2022-07-13,75.52758505866372,77.85209937216271,75.16557351323621,77.44245147705078,14706500,-1.0,1,Downtrend,0
2022-07-14,79.02388555087992,80.06229847348068,76.69937828309224,79.70980834960938,23377000,-1.0,1,Downtrend,0
2022-07-15,81.52942016318973,81.96764706001419,79.9956223901601,81.5770492553711,14061000,-1.0,1,Downtrend,0
2022-07-18,81.98669189536095,82.00574934562091,79.42401722525807,79.62407684326172,11352500,-1.0,1,Downtrend,-1
2022-07-19,80.97687022670239,82.37729491001969,80.5576935137943,82.07244110107422,10673100,-1.0,1,Downtrend,0
2022-07-20,81.14833981677825,82.64402974741203,81.08165328235333,82.46302032470703,11664800,-1.0,1,Downtrend,0
2022-07-21,82.5773407093757,83.64433249611221,82.3105945797633,83.63480377197266,7135000,-1.0,1,Downtrend,0
2022-07-22,83.27281100521701,83.57766483192353,81.73901314539371,82.2343978881836,8612100,-1.0,1,Downtrend,-1
2022-07-25,82.21533966064453,82.59640145553143,81.57704589080451,82.21533966064453,5960900,-1.0,1,Downtrend,-1
2022-07-26,80.74822765047436,81.1673970741401,79.88129535907741,80.42431640625,6977700,-1.0,1,Downtrend,-1
2022-07-27,81.27219188912862,83.73960843404446,81.27219188912862,83.48238372802734,9399500,-1.0,1,Downtrend,0
2022-07-28,83.00604705326282,84.42552909129702,82.35823184487384,84.41600036621094,10668200,-1.0,1,Downtrend,0
2022-07-29,83.66339497768166,84.9876043645982,83.63481606934775,84.29216003417969,10366200,-1.0,1,Downtrend,-1
2022-08-01,81.26267820395222,82.77741860405594,80.31000909144768,82.22486877441406,20102600,1.0,1,Downtrend,-1
2022-08-02,80.51958313185206,83.36806876168755,80.18615042536453,81.9771728515625,15541600,1.0,1,Downtrend,-1
2022-08-03,81.89144194584307,82.66310165678223,80.5577036384713,82.41541290283203,20779400,1.0,1,Downtrend,-1
2022-08-04,82.88220471731634,84.23499298095703,82.52019310639903,84.23499298095703,13472500,1.0,1,Downtrend,0
2022-08-05,83.86346816859783,86.6738466580275,83.84441798272333,85.52111053466797,13293500,1.0,1,Downtrend,0
2022-08-08,84.76847882354541,84.88279443566596,82.79645456331279,83.77770233154297,12120300,1.0,1,Downtrend,-1
2022-08-09,82.82505403266185,83.01558494569801,80.44338127826775,81.17693328857422,13075000,1.0,1,Downtrend,-1
2022-08-10,82.70118737185821,84.47315216064453,82.22485290752397,84.47315216064453,10704600,1.0,1,Downtrend,0
2022-08-11,85.70210516633679,86.6928818308843,85.08286884245862,85.28292846679688,11158800,1.0,1,Downtrend,0
2022-08-12,85.43535952302936,87.02631507032109,85.39725188935743,86.55950927734375,12098800,1.0,1,Downtrend,0
2022-08-15,85.74973955045414,87.5883910288825,85.74021082524187,87.23590087890625,15949500,1.0,1,Downtrend,0
2022-08-16,86.82625198195426,87.0263115995372,84.37789294540924,85.69257354736328,10566100,1.0,1,Downtrend,-1
2022-08-17,84.78754983696872,85.52110184537649,84.29216510338391,84.97808074951172,9093100,1.0,1,Downtrend,-1
2022-08-18,84.5112769048662,85.42583838940675,84.23500198740781,85.04476928710938,10947700,1.0,1,Downtrend,-1
2022-08-19,84.31121906879737,84.3969558028006,82.90126554056026,83.07274627685547,9602800,1.0,1,Downtrend,-1
2022-08-22,81.36745698406365,81.95810707029545,80.91970142302526,81.20549774169922,8054000,1.0,1,Downtrend,-1
2022-08-23,81.12929722836456,82.50113567466774,80.96733797107304,81.95811462402344,8462500,1.0,1,Downtrend,-1
2022-08-24,81.73901417128396,82.05338945993832,81.16740687928264,81.51036834716797,7085800,1.0,1,Downtrend,-1
2022-08-25,82.24392429693005,83.44428211734984,81.93907047881397,83.42523193359375,6602100,1.0,1,Downtrend,0
2022-08-26,83.35854031690349,83.63481520843405,80.64343502881049,80.72917175292969,9381500,1.0,1,Downtrend,-1
2022-08-29,79.93846884686047,80.32905940410187,78.86194809630427,78.92863464355469,9639700,1.0,1,Downtrend,-1
2022-08-30,79.81462330895313,80.00516150729082,77.86165583694314,78.8714828491211,8392300,1.0,1,Downtrend,0
2022-08-31,80.12899111597923,80.85302159963425,79.12868574687312,79.40496063232422,8887100,1.0,1,Downtrend,0
2022-09-01,77.59489995808096,77.95691888957528,76.32785550271743,77.77590942382812,11566000,-1.0,1,Downtrend,-1
2022-09-02,77.69015914957896,79.05247609790013,76.79464797188477,77.0709228515625,8850100,-1.0,1,Downtrend,-1
2022-09-06,77.19476491028189,77.19476491028189,75.75623274100685,76.24209594726562,12704400,-1.0,1,Downtrend,-1
2022-09-07,74.67973204713492,76.38501065124932,74.52730876680859,76.1658935546875,9843500,-1.0,1,Downtrend,-1
2022-09-08,75.27039022621739,76.91850375590735,75.04174440115152,76.44216918945312,8181700,-1.0,1,Downtrend,0
2022-09-09,77.00424658497954,77.79496369764406,76.91850258481314,77.67111206054688,7084700,-1.0,1,Downtrend,0
2022-09-12,78.09028380528767,78.59519724283066,77.89022417540959,78.26176452636719,7903000,-1.0,1,Downtrend,0
2022-09-13,76.61363928624625,77.29956212962563,74.80356673139242,75.07984161376953,12835100,-1.0,1,Downtrend,-1
2022-09-14,75.9658182808664,76.36594475451021,75.24179512877916,75.88961029052734,8849600,-1.0,1,Downtrend,-1
2022-09-15,75.28412998834568,75.92602650231215,74.41229450359468,74.70929718017578,10533100,-1.0,1,Downtrend,-1
2022-09-16,73.87577881336468,74.72844899276123,73.69374563706818,74.62306213378906,10604500,-1.0,1,Downtrend,0
2022-09-19,73.33926314949153,74.94879913330078,73.33926314949153,74.94879913330078,10378600,-1.0,1,Downtrend,0
2022-09-20,74.28773889495115,75.14999163637665,74.25899835513607,74.87215423583984,8202800,-1.0,1,Downtrend,0
2022-09-21,74.32606555632809,75.98350011191435,73.9045181274414,73.9045181274414,10869000,-1.0,1,Downtrend,-1
2022-09-22,73.24344632331506,73.53086631409845,72.19916782163045,72.45783996582031,10817900,-1.0,1,Downtrend,-1
2022-09-23,71.183639923232,71.26986154702323,70.02438449003081,70.77167510986328,12685500,-1.0,1,Downtrend,0
2022-09-26,70.38843628156185,71.07823836682202,69.86150210271212,69.9477310180664,13441500,-1.0,1,Downtrend,-1
2022-09-27,70.42677427676233,70.93454333283346,69.31542461416547,69.96690368652344,12430600,-1.0,1,Downtrend,0
2022-09-28,68.12742990813435,69.25793739501991,67.73462305238009,69.10464477539062,12943600,-1.0,1,Downtrend,-1
2022-09-29,67.56218774602843,67.71548040022694,65.60775757076985,66.37419891357422,16120300,-1.0,1,Downtrend,-1
2022-09-30,64.96585198517762,66.72868091445896,64.89878827810362,65.68439483642578,10472400,-1.0,1,Downtrend,-1
2022-10-03,65.22452634988043,66.65202932157352,64.81256152201522,66.34545135498047,11945100,-1.0,1,Downtrend,-1
2022-10-04,67.83043713597178,69.87109587283851,67.75379082328517,69.7561264038086,14900700,-1.0,1,Downtrend,-1
2022-10-05,69.8615128792163,71.76805152267995,69.53577701614894,71.35608673095703,14037100,-1.0,1,Downtrend,0
2022-10-06,70.86747783468913,71.7776290657497,70.7620909793796,71.23153686523438,11796800,-1.0,1,Downtrend,0
2022-10-07,68.79808115599323,69.00885489712867,66.8244857788086,66.8244857788086,14758600,-1.0,1,Downtrend,-1
2022-10-10,66.9202877378671,66.94902828169224,64.19940905128355,64.61137390136719,16042200,-1.0,1,Downtrend,-1
2022-10-11,61.507258293781504,62.18748521614966,59.99353008949349,60.788719177246094,28699300,-1.0,1,Downtrend,-1
2022-10-12,60.93242464271714,61.536005239690525,60.7120719680095,61.42103576660156,16468700,-1.0,1,Downtrend,0
2022-10-13,60.415075656476255,67.25559838805812,59.70611186933897,63.82575988769531,36639300,-1.0,1,Downtrend,0
2022-10-14,64.43892045101775,64.62094632357915,61.10487863768981,61.23900604248047,19440900,-1.0,1,Downtrend,-1
2022-10-17,62.2545562751699,62.60903273953637,61.35398022309005,62.16832733154297,11280100,-1.0,1,Downtrend,-1
2022-10-18,63.135954526072986,63.33714560863428,60.14681420788847,61.03780746459961,16656100,-1.0,1,Downtrend,-1
2022-10-19,60.10850317568228,61.42104036001168,59.56240727441326,60.98991394042969,12385200,-1.0,1,Downtrend,-1
2022-10-20,61.07613316244994,62.541959188845574,60.7216530991753,60.913265228271484,11300900,-1.0,1,Downtrend,-1
2022-10-21,59.41869555718731,61.10487426851383,59.41869555718731,61.076133728027344,13699000,-1.0,1,Downtrend,0
2022-10-24,58.03909498037575,59.03547148565757,57.176842216028824,58.71931457519531,25010800,-1.0,1,Downtrend,-1
2022-10-25,57.445099691371034,58.78638101975938,57.013973289053524,58.57560729980469,21700600,-1.0,1,Downtrend,-1
2022-10-26,58.307354329139706,59.38037723276675,57.895389493384215,58.28819274902344,14006000,-1.0,1,Downtrend,0
2022-10-27,59.255826722656174,59.83066314200215,58.35525441678768,58.393577575683594,12937600,-1.0,1,Downtrend,0
2022-10-28,58.22112990518463,59.4282802327428,57.55048921000887,59.40911865234375,11972300,-1.0,1,Downtrend,0
2022-10-31,59.006733650937804,59.65821273505302,58.508543548102786,58.96841049194336,10802800,-1.0,1,Downtrend,0
2022-11-01,60.60668669958276,60.76955829671061,58.997154235839844,58.997154235839844,11561900,-1.0,1,Downtrend,-1
2022-11-02,59.87856568140282,60.252207346503155,57.98161315917969,57.98161315917969,16547200,-1.0,1,Downtrend,-1
2022-11-03,57.483423659223746,58.33609385875061,56.937331426836934,57.751678466796875,11040900,-1.0,1,Downtrend,-1
2022-11-04,58.93008523124577,59.878563281694696,58.460639341747864,59.85940170288086,14662800,-1.0,1,Downtrend,0
2022-11-07,59.993527635571226,60.290526617890436,59.370792785459656,60.127655029296875,8507100,-1.0,1,Downtrend,0
2022-11-08,61.67013452240559,62.99225061107323,61.526424503999394,62.29286575317383,14102800,-1.0,1,Downtrend,0
2022-11-09,63.739542271682204,63.806605981123326,62.225810190701246,62.27371597290039,15086800,-1.0,1,Downtrend,0
2022-11-10,64.89878370781135,67.89750700719142,64.49640149370389,67.86875915527344,21367900,-1.0,1,Downtrend,0
2022-11-11,69.68905917515153,71.47104565311884,69.34415809493886,70.73334503173828,15524700,-1.0,1,Downtrend,0
2022-11-14,70.16809161717855,70.58963903007994,69.21003463105335,69.74655151367188,11575300,-1.0,1,Downtrend,-1
2022-11-15,78.48402847013344,79.45166809643482,76.65414338273044,77.08526611328125,48742400,-1.0,1,Downtrend,-1
2022-11-16,77.18106618342628,77.19064879963501,75.59069543432089,76.11762237548828,24006600,-1.0,1,Downtrend,-1
2022-11-17,75.97392768995341,79.4612547993878,75.38951229930798,78.06249237060547,24278400,1.0,1,Downtrend,0
2022-11-18,79.30795466736414,79.36543574645658,77.60261443327191,78.81934356689453,18578400,1.0,1,Downtrend,0
2022-11-21,77.42059466564704,77.63136840464702,76.13680161449567,76.57750701904297,18659700,1.0,1,Downtrend,-1
2022-11-22,77.93793564654726,79.70076433101592,77.82297348432627,79.0780258178711,16504700,1.0,1,Downtrend,0
2022-11-23,78.98221695013885,79.47082072972904,78.30199739575352,78.53192901611328,14683800,1.0,1,Downtrend,0
2022-11-25,78.69480766297987,78.9151640066641,77.98584747314453,77.98584747314453,5908300,1.0,1,Downtrend,-1
2022-11-28,76.90323331127253,77.6792644631386,75.58111726310044,75.89727783203125,13214200,1.0,1,Downtrend,-1
2022-11-29,76.55834515150033,76.84575789129036,75.6481865353432,76.00267028808594,11502300,1.0,1,Downtrend,-1
2022-11-30,77.24813296551592,79.93069547840089,77.09484764702252,79.49957275390625,21667300,1.0,1,Downtrend,0
2022-12-01,79.55705166768968,80.12230177149279,77.73674196277044,79.21215057373047,15975100,1.0,1,Downtrend,0
2022-12-02,78.37864512754776,78.71397094344549,77.74633127377093,78.08164978027344,10519800,1.0,1,Downtrend,-1
2022-12-05,78.50319508253827,78.73312672224459,77.55471336363404,78.19661712646484,11523300,1.0,1,Downtrend,-1
2022-12-06,77.9858435644773,78.02416672273621,75.83979786774404,76.22301483154297,13992100,1.0,1,Downtrend,-1
2022-12-07,75.68650360648729,76.36672320481061,75.29369672483016,75.91643524169922,14925300,1.0,1,Downtrend,-1
2022-12-08,76.11762040568348,77.57387103715388,75.78230194100092,77.41100311279297,11197500,1.0,1,Downtrend,0
2022-12-09,77.45891124306223,78.74271149446874,77.30562591552734,77.30562591552734,13787900,1.0,1,Downtrend,0
2022-12-12,76.44337027783908,77.05652618408203,75.49489587746247,77.05652618408203,11516600,1.0,1,Downtrend,-1
2022-12-13,78.6468955857143,78.6468955857143,76.2900762439138,77.13317108154297,16938000,1.0,1,Downtrend,-1
2022-12-14,77.43016771353474,78.09122939334883,76.18469066941442,76.6637191772461,17910000,1.0,1,Downtrend,-1
2022-12-15,76.31783880093649,76.31783880093649,74.56429196426474,74.77626037597656,17080200,1.0,1,Downtrend,-1
2022-12-16,74.77625763225673,75.20982402152177,73.4466476677952,73.51409149169922,11929100,1.0,1,Downtrend,-1
2022-12-19,74.11144760323887,74.30414948998848,72.99380606339263,73.3213882446289,12561300,1.0,1,Downtrend,0
2022-12-20,72.36752904367862,73.41772663386385,72.16519760017937,72.8589096069336,12080600,1.0,1,Downtrend,0
2022-12-21,73.09014746132961,74.59318530313755,73.00342978155042,74.32341003417969,10806100,1.0,1,Downtrend,-1
2022-12-22,73.49481364078481,73.63933821297574,71.31733017869652,72.53132629394531,13019700,1.0,1,Downtrend,-1
2022-12-23,72.15556335449219,72.59876663067305,71.46185132192223,72.15556335449219,7452600,1.0,1,Downtrend,-1
2022-12-27,71.61601357928862,72.01103955430605,71.45222250064296,71.60637664794922,8974800,1.0,1,Downtrend,-1
2022-12-28,71.48113286128034,71.82798891481674,70.18041898510609,70.39238739013672,10275700,1.0,1,Downtrend,-1
2022-12-29,71.63527360263565,73.26356936274112,71.44257909825032,73.22502899169922,11142500,1.0,1,Downtrend,0
2022-12-30,71.57746997659763,71.84724523533528,70.96083871353316,71.7701644897461,7784100,1.0,1,Downtrend,-1
2023-01-03,73.0805119655257,73.19613309056075,71.07645656986779,71.32696533203125,9276200,1.0,1,Downtrend,-1
2023-01-04,72.25191574783815,73.81276793201806,71.75090555028827,73.53335571289062,12316400,1.0,1,Downtrend,-1
2023-01-05,73.22504315146267,73.64897996407743,72.58913793254054,72.96490478515625,10039200,1.0,1,Downtrend,0
2023-01-06,73.70679211566033,75.86500200957384,73.36957296830292,75.21946716308594,13744100,1.0,1,Downtrend,0
2023-01-09,77.61854213667375,78.2544473453418,77.13679843949812,77.37767028808594,22247600,1.0,1,Downtrend,0
2023-01-10,77.5703672243311,78.60129837642562,77.52218991735963,78.3026123046875,10269000,1.0,1,Downtrend,0
2023-01-11,78.59165963572956,78.89997528110473,77.68597921145412,78.79399108886719,11771400,1.0,1,Downtrend,0
2023-01-12,81.8578872594015,85.58658608163563,81.33760318996241,83.82340240478516,36086800,1.0,1,Downtrend,-1
2023-01-13,82.29146743599992,83.91975624382921,81.80008677347317,83.6307144165039,18719900,1.0,1,Sideways,-1
2023-01-17,83.07188116821371,86.4537238524272,83.01407427900799,85.74073791503906,21850000,1.0,1,Uptrend,0
2023-01-18,87.17634085898568,87.88931945771989,86.09723235349783,86.20321655273438,19209800,1.0,1,Uptrend,-1
2023-01-19,85.77927371465938,86.7234945093163,85.037391723077,85.17227935791016,13651100,1.0,1,Uptrend,-1
2023-01-20,86.71386979188843,87.70626068115234,85.94307689785242,87.70626068115234,14287200,1.0,1,Uptrend,0
2023-01-23,88.4095962599551,92.23464199777891,88.37105588605067,92.16719818115234,22875100,1.0,1,Uptrend,0
2023-01-24,92.29245350659143,94.42175965341119,88.20726922879732,91.10736083984375,11370500,1.0,1,Uptrend,-1
2023-01-25,89.29601177453344,89.6043274459057,87.79297379544691,89.03587341308594,14147300,1.0,1,Uptrend,-1
2023-01-26,90.46182434847,90.83758381712197,89.25746519232271,90.03788757324219,15759400,1.0,1,Uptrend,-1
2023-01-27,89.43089442539582,90.68343090521363,88.87207000511864,89.89337158203125,13646600,1.0,1,Uptrend,-1
2023-01-30,89.4597856104919,90.80866916911033,89.19964729922413,89.72956085205078,14079800,1.0,1,Uptrend,-1
2023-01-31,87.677341044619,89.37308068788863,86.71385378039241,89.34417724609375,13342100,1.0,1,Uptrend,-1
2023-02-01,89.6043337442233,92.27319077299427,89.19003384255568,91.28079986572266,16788500,1.0,1,Uptrend,0
2023-02-02,93.0728859197365,93.94002609229207,92.34063340170894,93.12106323242188,14925300,1.0,1,Uptrend,0
2023-02-03,91.56983499556596,93.41009193867494,90.86648602358906,91.2037124633789,12242200,1.0,1,Uptrend,-1
2023-02-06,88.44814733503088,88.68901918795763,87.42684568006008,88.47705078125,12425200,1.0,1,Uptrend,-1
2023-02-07,88.4288758544931,91.2422574083318,88.33252858088987,91.09774017333984,15258900,1.0,1,Uptrend,1
2023-02-08,91.5505640242372,92.43697796571493,90.78941549260233,90.83758544921875,12899700,1.0,1,Uptrend,0
2023-02-09,92.49478306923062,94.97094519694681,92.12866053254523,93.15959167480469,16997400,1.0,1,Uptrend,1
2023-02-10,92.44661159094208,92.97653259268131,90.80868597782604,91.8877944946289,11511400,1.0,1,Uptrend,-1
2023-02-13,91.98413773205299,92.87054432264127,91.44458717270797,92.60076904296875,7803500,1.0,1,Uptrend,1
2023-02-14,92.32134712122924,95.37559991042716,91.74325624690277,94.38320922851562,15345100,1.0,1,Uptrend,1
2023-02-15,88.95879277825861,90.25949928891212,87.45574744630692,89.37309265136719,30208300,1.0,1,Uptrend,-1
2023-02-16,87.65807537154002,88.43849771075907,86.59823349010115,87.50391387939453,15568400,1.0,1,Uptrend,-1
2023-02-17,86.68496046895068,87.00291306750053,85.69256964695442,86.81021118164062,11235300,1.0,1,Uptrend,-1
2023-02-21,85.15301155827059,86.15503931039396,84.2858788014098,84.44003295898438,14007600,1.0,1,Uptrend,-1
2023-02-22,84.5460135162326,84.87359568123284,83.49581585109364,83.65960693359375,10106400,1.0,1,Uptrend,-1
2023-02-23,87.00290771705244,88.63119628518766,86.19357454786329,86.79093933105469,15468300,1.0,1,Uptrend,0
2023-02-24,84.87360180686329,84.93141604960805,84.05463898443026,84.89287567138672,8817600,1.0,1,Uptrend,-1
2023-02-27,85.4613260721851,85.60585064665541,84.05463540571284,84.1124496459961,10609400,1.0,1,Uptrend,-1
2023-02-28,83.95828243977759,84.93140666759908,83.72704754681867,83.89083862304688,7520400,1.0,1,Uptrend,-1
2023-03-01,85.78891602221086,86.75240338901355,85.04702663331064,85.1915512084961,8176700,1.0,1,Uptrend,0
2023-03-02,84.44003472498508,86.07796035645073,83.9390245138578,85.77928161621094,9761600,1.0,1,Uptrend,-1
2023-03-03,85.43241202785083,86.56932726802812,84.67125622418071,86.51152038574219,10844000,1.0,1,Uptrend,0
2023-03-06,86.79094013541852,87.99529929354492,86.24175265334588,86.30919647216797,9960000,1.0,1,Uptrend,0
2023-03-07,86.66567711866512,86.945089309459,85.07592900157775,85.60584259033203,8761100,1.0,1,Uptrend,-1
2023-03-08,85.12410558074605,87.52318701495157,84.92177412010945,87.51355743408203,8813000,1.0,1,Uptrend,0
2023-03-09,86.43444660611077,87.378667414194,85.33607164923686,85.63475036621094,10354700,1.0,1,Uptrend,-1
2023-03-10,84.81580436026363,85.91417953400021,84.01610796247212,84.06428527832031,11928800,1.0,1,Uptrend,-1
2023-03-13,83.2260260746266,85.7503653179229,83.15858226110615,84.53636932373047,11847600,-1.0,1,Uptrend,-1
2023-03-14,84.81578905405628,86.35736732225662,84.50747340041622,86.02978515625,11100100,-1.0,1,Uptrend,0
2023-03-15,84.01610653998893,84.0546469218497,82.32037384307277,83.53436279296875,12171500,-1.0,1,Uptrend,-1
2023-03-16,83.24282901912919,86.651963681176,83.1169262905259,86.48731994628906,13184600,-1.0,1,Uptrend,0
2023-03-17,86.25486491967216,87.19431390414601,86.19675711084801,86.6519546508789,13287700,-1.0,1,Uptrend,0
2023-03-20,86.40015831463913,87.5236254268505,85.8674860575806,87.20401763916016,8217500,-1.0,1,Uptrend,0
2023-03-21,88.13376299883869,90.07076877903295,87.94006537645552,89.58651733398438,12299700,-1.0,1,Uptrend,0
2023-03-22,90.55503114567193,92.03683956398282,89.62526914573355,89.70275115966797,12812400,-1.0,1,Uptrend,-1
2023-03-23,91.5138384421006,92.80194909345565,90.48722771589416,91.61068725585938,11169700,-1.0,1,Uptrend,0
2023-03-24,90.99085312178579,91.21361206109466,89.18943696595379,89.86739349365234,7653700,-1.0,1,Uptrend,-1
2023-03-27,89.14102067060395,89.2766105050497,87.69795321023598,87.80448913574219,9349800,-1.0,1,Uptrend,-1
2023-03-28,87.80449088941259,88.00787564514332,87.0877933054945,87.94976043701172,7521300,-1.0,1,Uptrend,-1
2023-03-29,88.86983020770798,90.28384358739233,88.56958927725196,89.83833312988281,9264000,1.0,1,Uptrend,0
2023-03-30,90.40974449395729,90.57438821404313,89.13132095789004,89.55746459960938,10232800,1.0,1,Uptrend,0
2023-03-31,88.36619974158829,90.32257967581037,88.25966383481924,90.09013366699219,8701800,1.0,1,Uptrend,0
2023-04-03,90.08046839064053,90.65188162841368,88.82141150297286,89.91581726074219,6863600,1.0,1,Uptrend,0
2023-04-04,90.10952228847991,90.3419609454202,88.83109859167082,89.26692199707031,6338400,1.0,1,Uptrend,-1
2023-04-05,88.7148763664361,89.27660989909396,86.24519806514388,87.35897064208984,9171800,1.0,1,Uptrend,-1
2023-04-06,86.83597897679861,88.04660767730657,86.58416613814742,87.397705078125,5874500,1.0,1,Uptrend,-1
2023-04-10,85.63503280015227,86.22582021654374,83.74645492092806,86.21613311767578,12232900,1.0,1,Uptrend,0
2023-04-11,85.84809893981542,87.01029949768458,85.68345521545062,86.42919921875,11079200,1.0,1,Uptrend,0
2023-04-12,86.10960472098976,86.6810179405378,84.12417062816769,84.13385772705078,11299100,1.0,1,Uptrend,-1
2023-04-13,83.83361760033152,84.86991551828888,83.26220437515396,84.30818939208984,7910500,-1.0,1,Uptrend,-1
2023-04-14,85.17983796098262,85.5866148465613,83.81425254017859,84.45346069335938,7656400,-1.0,1,Uptrend,0
2023-04-17,84.98612827077025,85.27668209228948,84.41471511463055,85.21856689453125,8163600,-1.0,1,Uptrend,0
2023-04-18,85.42196126982579,85.61566630243136,84.74401212843489,85.36385345458984,8468200,-1.0,1,Uptrend,0
2023-04-19,83.5140105024044,84.62778295526114,83.32999258208261,84.48251342773438,11191300,-1.0,1,Uptrend,-1
2023-04-20,85.53818155710692,88.9860497473476,85.32510972259252,86.47763061523438,19206300,-1.0,1,Uptrend,0
2023-04-21,85.01518718925091,85.14109730091097,82.59392983075507,82.68109893798828,13175400,-1.0,1,Uptrend,-1
2023-04-24,82.71015490040035,83.25251419767858,81.34456216949323,81.97409057617188,10567600,-1.0,1,Uptrend,-1
2023-04-25,80.64724900695279,80.77315913759973,79.66906620675888,79.6981201171875,13423700,-1.0,1,Uptrend,-1
2023-04-26,79.64968332357911,79.785273150192,78.65212643245945,79.65937042236328,11583500,-1.0,1,Uptrend,0
2023-04-27,80.28888589563422,81.2186477235526,79.5721958720682,81.03462982177734,10013700,-1.0,1,Uptrend,0
2023-04-28,81.81913674387903,81.8481906516431,81.0830723944595,81.64480590820312,8260700,-1.0,1,Uptrend,0
2023-05-01,81.64481296437005,82.02252857613006,81.25741025282097,81.33489227294922,4931100,-1.0,1,Uptrend,-1
2023-05-02,80.86999257752605,81.40267213097839,79.94991777329828,80.34700012207031,6875000,-1.0,1,Uptrend,-1
2023-05-03,80.0177173343604,81.12181011927629,79.8433865057373,80.0951919555664,7151600,-1.0,1,Uptrend,-1
2023-05-04,80.38575659900609,81.12182101753315,80.03709489491916,80.86032104492188,7290600,-1.0,1,Uptrend,0
2023-05-05,81.64479836539326,82.87479381135097,81.11211880862567,82.29369354248047,6863800,-1.0,1,Uptrend,0
2023-05-08,81.8384973410838,82.84574127197266,81.75133562440723,82.84574127197266,6746600,-1.0,1,Uptrend,0
2023-05-09,82.56488494826075,82.78764390078786,81.64481000711336,82.38086700439453,7287800,-1.0,1,Uptrend,-1
2023-05-10,81.84818319795741,82.46802447078196,81.51888836540579,82.22589874267578,7442300,-1.0,1,Uptrend,0
2023-05-11,81.489836515859,81.489836515859,79.93054619639504,80.80220031738281,8730900,-1.0,1,Uptrend,0
2023-05-12,80.75377221490365,81.28645178581036,80.33731565649232,80.80220031738281,5068200,-1.0,1,Uptrend,0
2023-05-15,80.7053537880728,82.97164717775898,80.60850496946155,82.96196746826172,8707300,-1.0,1,Uptrend,0
2023-05-16,82.99101541452305,84.01762611843525,82.89415921377679,83.1750259399414,11283200,-1.0,1,Uptrend,0
2023-05-17,85.5188155504845,88.90857595911382,85.2863695166042,88.01754760742188,23215600,-1.0,1,Uptrend,-1
2023-05-18,88.3759057383998,90.45818883087641,88.20157488905078,89.7318115234375,14879000,-1.0,1,Uptrend,0
2023-05-19,89.22817072051046,89.86738618989628,88.67612435562764,89.66400146484375,9292700,-1.0,1,Uptrend,0
2023-05-22,89.17006739326885,89.52841614919123,88.3274671564687,88.83109283447266,9259800,-1.0,1,Uptrend,-1
2023-05-23,88.133774731419,88.46306221112405,87.48487948205319,87.59141540527344,7656700,1.0,1,Uptrend,-1
2023-05-24,86.46794218330822,87.31054240977932,86.37109336613813,87.29116821289062,9443900,1.0,1,Uptrend,-1
2023-05-25,94.00290190990157,99.1456580337743,93.92542728306077,97.77037811279297,60793200,1.0,1,Sideways,1
2023-05-26,97.67352277468996,101.1504522696352,97.55730714763199,99.95919036865234,26135800,1.0,1,Sideways,1
2023-05-30,100.52092472793461,101.92525108697006,98.33210593405205,98.76793670654297,25248000,1.0,1,Sideways,0
2023-05-31,96.58881095144896,96.83093671024835,94.97140526695938,95.48471069335938,22206700,1.0,1,Sideways,0
2023-06-01,95.57188051375634,97.42171748229957,95.49439849698703,95.72683715820312,14998500,1.0,1,Sideways,0
2023-06-02,98.0609319605153,98.10936006773744,95.5137716471942,95.82369232177734,13079500,1.0,1,Sideways,2
2023-06-05,94.9229746941652,95.69777260843202,91.28140159092908,94.96171569824219,10568500,1.0,1,Downtrend,0
2023-06-06,94.53557371862952,97.43139547563659,94.35155579327387,96.67596435546875,13827600,1.0,1,Downtrend,2
2023-06-07,98.18683696235671,99.77518137991731,96.40479488961726,97.13117218017578,14367500,1.0,1,Downtrend,2
2023-06-08,95.87210072695203,97.52823981178335,95.5234390891885,96.79218292236328,9074200,1.0,1,Downtrend,0
2023-06-09,99.4652623120206,101.38290164140962,99.02943888625093,99.56211853027344,14902400,1.0,1,Downtrend,2
2023-06-12,101.05359794371172,104.0075350046382,101.02454403640611,103.68792724609375,20568100,1.0,1,Downtrend,2
2023-06-13,106.53531773784172,107.20358709543356,103.37799625230213,103.43611145019531,17858600,1.0,1,Downtrend,0
2023-06-14,102.69035496718935,104.30775293698953,101.90587003111303,104.02689361572266,12862600,1.0,1,Downtrend,0
2023-06-15,103.35389427135507,103.73319930085121,102.18682584534263,102.29380798339844,11987900,1.0,1,Downtrend,0
2023-06-16,102.5369557174839,102.84817448294746,101.48658960152915,101.70055389404297,11427300,1.0,1,Downtrend,0
2023-06-20,101.32124843283522,102.00203711096262,100.2417068003474,101.12673950195312,9295500,1.0,1,Sideways,0
2023-06-21,100.31951914773796,100.88360546800443,98.83150422223959,98.8509521484375,9340400,1.0,1,Sideways,-1
2023-06-22,98.63698063784837,100.5918272694085,98.54945384630565,100.30005645751953,8575900,1.0,1,Sideways,0
2023-06-23,98.73423562393653,99.38585611792921,98.23823562915824,99.11354064941406,8898900,1.0,1,Sideways,-1
2023-06-26,99.2205072743555,100.21252202308821,97.34346732512691,97.36292266845703,8560000,1.0,1,Uptrend,-1
2023-06-27,98.37438905096508,99.96938594238226,97.27539213258295,99.27886962890625,9732000,1.0,1,Uptrend,-1
2023-06-28,97.74222262138198,99.08435196228223,97.46990716844914,98.15069580078125,8160900,1.0,1,Uptrend,-1
2023-06-29,98.55917613291082,98.73423713964942,97.27539789017443,97.87838745117188,7383900,1.0,1,Uptrend,-1
2023-06-30,98.61752759155154,99.094079634184,97.65469583438482,98.15069580078125,11701700,1.0,1,Uptrend,-1
2023-07-03,99.44421396416602,100.83497441714132,99.26915294840549,100.31951904296875,5638400,1.0,1,Uptrend,0
2023-07-05,98.61754112924845,100.26116174437485,98.18961254730186,98.21878814697266,9010800,1.0,1,Uptrend,-1
2023-07-06,96.38063806659996,96.82801451416977,95.8943583514102,96.68213653564453,9140800,1.0,1,Uptrend,-1
2023-07-07,96.3611847502476,99.14270515907675,96.28337821936195,97.47962951660156,8034000,1.0,1,Uptrend,0
2023-07-10,97.49908890022851,97.98536864536682,96.67241481750143,97.03225708007812,8041600,1.0,1,Uptrend,0
2023-07-11,99.52201501192445,99.52201501192445,97.39210734115531,98.48137664794922,7684600,1.0,1,Uptrend,0
2023-07-12,100.0082814522329,101.56437495484646,99.94020259336976,101.04891967773438,10202000,1.0,1,Uptrend,0
2023-07-13,102.11875231756319,102.7509175063943,99.70680137895913,102.67311096191406,9265900,1.0,1,Uptrend,0
2023-07-14,103.09131515988422,104.35564557797456,101.98259783573023,102.25491333007812,9511000,1.0,1,Uptrend,0
2023-07-17,101.80752287246303,102.14791719378067,99.77486977652678,101.91450500488281,10722600,1.0,1,Uptrend,0
2023-07-18,100.84470209025038,100.88360536264611,99.21080174983214,100.31951904296875,10355400,1.0,1,Uptrend,-1
2023-07-19,101.04891782272745,101.91449504954262,99.75541210803458,100.23196411132812,11204800,1.0,1,Uptrend,-1
2023-07-20,95.84573574617419,97.69359274549,94.38689658668929,95.17466735839844,22810200,1.0,1,Uptrend,-1
2023-07-21,95.19413077391704,95.30111292329231,93.68666784915412,94.5814208984375,15377100,1.0,1,Uptrend,-1
2023-07-24,94.60086632075804,95.57342589293421,94.12431420800311,95.5539779663086,9054900,1.0,1,Uptrend,0
2023-07-25,96.78912618643224,98.1215354829304,96.39038061684887,97.56717681884766,9202200,1.0,1,Uptrend,0
2023-07-26,96.7599356508448,97.3823730926845,95.86518275570516,96.68213653564453,8993500,1.0,1,Uptrend,0
2023-07-27,98.71478358590457,98.96765111900667,96.1958581870557,96.623779296875,8049800,1.0,1,Uptrend,-1
2023-07-28,97.36292660784139,98.21877624800986,97.04198021026332,98.09234619140625,6758700,1.0,1,Uptrend,0
2023-07-31,96.45845111036898,97.0419853239627,95.71930381579556,96.42927551269531,8647900,-1.0,1,Uptrend,-1
2023-08-01,96.4195515966106,96.46818254132144,95.39836111800614,95.69985961914062,6428500,-1.0,1,Uptrend,-1
2023-08-02,94.82455421454306,94.82455421454306,92.59739199950945,93.07394409179688,9820900,-1.0,1,Uptrend,-1
2023-08-03,92.23753784880984,93.18092173496305,91.98467772554156,92.37370300292969,8571700,-1.0,1,Uptrend,-1
2023-08-04,92.66545949776985,94.9023491112038,92.51957410210424,93.52131652832031,7559000,-1.0,1,Uptrend,0
2023-08-07,94.07567779951346,94.27991439129919,92.61683864100995,93.70610046386719,6601400,-1.0,1,Uptrend,0
2023-08-08,92.27644575632999,92.29590110219922,91.0996496126146,91.89714813232422,7659000,-1.0,1,Uptrend,-1
2023-08-09,93.20038732256376,93.21983524955249,91.13855831983996,91.40115356445312,6426900,-1.0,1,Uptrend,-1
2023-08-10,92.8307966230872,93.33653169279215,91.69290384631066,92.19863891601562,7459600,-1.0,1,Uptrend,0
2023-08-11,90.93431090326675,90.93431090326675,89.44629609387424,89.46574401855469,10653100,-1.0,1,Uptrend,-1
2023-08-14,89.17398382892615,90.73007756061472,88.79468621370333,90.51611328125,7489700,-1.0,1,Uptrend,0
2023-08-15,89.98119193542142,90.16598059483235,88.97945694605784,89.16424560546875,6069500,-1.0,1,Uptrend,-1
2023-08-16,88.93083847559755,90.17571338429579,88.81412867039218,89.26150512695312,7439500,-1.0,1,Uptrend,-1
2023-08-17,90.37023364645547,90.37023364645547,88.84331541526737,89.12535858154297,7712500,-1.0,1,Uptrend,-1
2023-08-18,87.59843125291438,88.82385826394004,87.10242384511163,88.60016632080078,9063500,-1.0,1,Uptrend,0
2023-08-21,88.01664075178222,90.3605128682282,88.01664075178222,90.02011108398438,8618300,-1.0,1,Uptrend,0
2023-08-22,90.78841909812056,90.92457682140544,89.29067672194745,89.70887756347656,7060100,-1.0,1,Uptrend,0
2023-08-23,91.21634354965109,92.49039394081714,90.68143293196508,91.6345443725586,10362600,-1.0,1,Uptrend,0
2023-08-24,93.88116661973305,94.12430649284747,89.93257745476771,89.99092864990234,12254400,-1.0,1,Uptrend,-1
2023-08-25,89.71861399385043,90.84678657696419,88.90166757438749,90.5452880859375,10356000,-1.0,1,Uptrend,-1
2023-08-28,91.24553225441598,91.56647867114441,90.69117363463056,91.42059326171875,5174800,-1.0,1,Uptrend,0
2023-08-29,91.19688943723533,92.99613021915339,90.94402934186324,92.470947265625,8910300,-1.0,1,Uptrend,0
2023-08-30,92.8307970140174,93.28790114508502,92.03329855769938,92.17918395996094,6073400,-1.0,1,Uptrend,0
2023-08-31,90.77870367143312,91.80962182684243,90.71062480060763,91.00239562988281,8661200,-1.0,1,Uptrend,-1
2023-09-01,91.71236946384909,91.98468495340647,90.5355658667695,90.63282775878906,7089900,-1.0,1,Uptrend,-1
2023-09-05,90.83705906682385,92.4417837308281,90.32160371742545,92.0041275024414,6396500,-1.0,1,Uptrend,0
2023-09-06,91.27471392908025,91.38169607511226,89.07672722884148,89.72834777832031,7933700,-1.0,1,Uptrend,-1
2023-09-07,87.59843504702609,87.81239932711186,86.00343803916513,87.57898712158203,14684400,-1.0,1,Uptrend,-1
2023-09-08,88.25977850243598,88.57099725930685,86.86901805953536,87.18023681640625,5820800,-1.0,1,Uptrend,-1
2023-09-11,87.62761431057588,87.90965747157375,86.71341337566062,87.1413345336914,7268600,-1.0,1,Uptrend,-1
2023-09-12,87.97772178094571,89.05726330054046,87.93881851482959,87.99717712402344,8242600,-1.0,1,Uptrend,0
2023-09-13,88.1138912233882,89.36849389737516,87.99718882955518,88.71688079833984,5757800,-1.0,1,Uptrend,0
2023-09-14,90.7023930619072,90.84903563077077,89.22620413016885,89.4217300415039,6506300,-1.0,1,Uptrend,0
2023-09-15,88.4832291068628,89.0991189532355,86.8701757470665,87.2514419555664,19924200,-1.0,1,Uptrend,-1
2023-09-18,86.55733623778538,87.662029610278,86.44979885673605,86.8408432006836,6647400,-1.0,1,Uptrend,-1
2023-09-19,86.46935412866895,86.85062034118458,85.82413725308521,86.19562530517578,7172100,-1.0,1,Uptrend,-1
2023-09-20,86.53778747669755,87.3198762329012,85.33533477783203,85.33533477783203,6935300,-1.0,1,Uptrend,-1
2023-09-21,84.11332821732142,84.21108745006755,83.43877683183575,83.44855499267578,10652500,-1.0,1,Uptrend,-1
2023-09-22,84.31862341543514,84.82697589223523,83.53653464961062,83.72228240966797,7967200,-1.0,1,Uptrend,0
2023-09-25,83.47787331111334,84.308837890625,83.116155983268,84.308837890625,8758000,-1.0,1,Sideways,-1
2023-09-26,83.04772077964087,83.3214570348603,82.13854587153257,82.40250396728516,8877600,-1.0,1,Downtrend,-1
2023-09-27,83.26279818248062,83.6440643697497,82.2167588427974,83.5267562866211,7860700,-1.0,1,Downtrend,0
2023-09-28,83.34100875760159,85.17890749732445,83.0770581113339,84.47503662109375,6647700,-1.0,1,Downtrend,0
2023-09-29,85.78502800707663,86.05875681760575,84.75853750904177,84.95406341552734,7337000,-1.0,1,Downtrend,0
2023-10-02,85.22779454859017,86.44002536763234,85.07137381913911,85.68727111816406,6305000,-1.0,1,Downtrend,0
2023-10-03,85.0518128855564,85.36464684150612,83.15525283217701,83.49742126464844,8201700,-1.0,1,Downtrend,-1
2023-10-04,83.55609182709124,84.81720605916551,83.4681032972226,84.72921752929688,7658500,-1.0,1,Downtrend,0
2023-10-05,84.8856354120221,85.9707800064073,84.59235026706084,85.0811538696289,6651700,-1.0,1,Downtrend,0
2023-10-06,86.11740955703111,88.0041916393971,85.42330938125043,87.29054260253906,9773800,-1.0,1,Downtrend,0
2023-10-09,86.81152075457743,87.33942206939076,86.06853720778139,86.99726104736328,4781300,-1.0,1,Downtrend,0
2023-10-10,87.27099605692776,88.62987699833779,87.14390979931522,88.58099365234375,7182900,-1.0,1,Downtrend,0
2023-10-11,89.21643028285483,89.94963564276986,88.60053300705381,89.93985748291016,8051700,-1.0,1,Downtrend,0
2023-10-12,90.43844476482757,91.34761976524595,89.78344226795116,90.35045623779297,8897800,-1.0,1,Downtrend,-1
2023-10-13,90.67306268746142,90.85881043172449,88.18016148460154,88.43434143066406,7985100,-1.0,1,Downtrend,-1
2023-10-16,88.4539027771619,89.84210321172799,88.40501943371972,89.17733001708984,8791800,-1.0,1,Downtrend,-1
2023-10-17,87.7988948723158,89.64657177056114,86.53778076646492,88.96224975585938,7997100,-1.0,1,Downtrend,-1
2023-10-18,86.88972665277954,87.99442758007518,86.59644896317849,87.5936050415039,9982700,1.0,1,Downtrend,-1
2023-10-19,91.00543751318797,92.63804696969535,90.2917885371335,90.82947540283203,22751600,1.0,1,Downtrend,0
2023-10-20,89.93986355824744,92.20791199311337,89.05023741468632,89.26531219482422,12195500,1.0,1,Downtrend,-1
2023-10-23,87.96510023645254,90.19404348692404,87.16346262078208,89.06979370117188,8227900,1.0,1,Downtrend,-1
2023-10-24,89.15777919053725,89.93986798250134,88.82539630201099,89.58792877197266,7374800,1.0,1,Downtrend,-1
2023-10-25,88.76673241587305,88.81560829835963,84.73898826315488,85.677490234375,13027100,1.0,1,Downtrend,-1
2023-10-26,85.16914029388553,86.16629633674417,84.60212633885274,85.49174499511719,9377300,1.0,1,Downtrend,-1
2023-10-27,85.57973195242968,85.81435558317845,83.96667864161151,84.06443786621094,12480700,1.0,1,Downtrend,-1
2023-10-30,85.35487479915729,86.32271121288284,84.07421186561486,84.13286590576172,9785500,-1.0,1,Downtrend,-1
2023-10-31,84.22086028877092,84.49458910658302,83.04772719429654,84.37727355957031,9004900,-1.0,1,Downtrend,0
2023-11-01,84.53368882198376,85.90234028108209,84.4065951229683,85.83390808105469,9508800,-1.0,1,Downtrend,0
2023-11-02,88.37568520913412,89.01113132934339,87.46651028847789,88.45389556884766,11032600,-1.0,1,Downtrend,0
2023-11-03,89.59770132362083,90.37978260807044,88.80583442023114,89.73456573486328,9223800,-1.0,1,Downtrend,0
2023-11-06,89.93985779500443,90.53619875315536,89.24575761356905,90.52642059326172,8402700,-1.0,1,Downtrend,0
2023-11-07,90.18426225466804,90.9663509812183,89.69545866521185,90.34068298339844,6241300,-1.0,1,Downtrend,0
2023-11-08,91.24007677787829,91.34761416068321,89.87142528099344,89.93985748291016,6537700,-1.0,1,Downtrend,-1
2023-11-09,90.55575253877089,91.27918723922721,89.54881831293832,89.56837463378906,8166000,1.0,1,Downtrend,0
2023-11-10,91.93418300265571,95.56110485985529,91.51381160365139,95.25804901123047,19281700,1.0,1,Downtrend,0
2023-11-13,94.83768696511751,95.00387841729828,93.57657264373347,94.26089477539062,9526300,1.0,1,Downtrend,0
2023-11-14,95.80549572473151,97.4576541091696,95.75661238634981,96.69512176513672,13873200,1.0,1,Downtrend,1
2023-11-15,97.7118353770506,98.44504076744933,96.21609757400533,96.58759307861328,10422900,1.0,1,Downtrend,0
2023-11-16,96.04012703372601,96.88086980309966,95.71752233363448,96.33341217041016,8459000,1.0,1,Downtrend,0
2023-11-17,96.72446015346445,97.48699258712323,96.11834099562101,97.35012817382812,7243000,1.0,1,Downtrend,1
2023-11-20,97.66295697996277,98.33750084995903,97.31101780494268,97.72161102294922,6448900,1.0,1,Downtrend,2
2023-11-21,97.76072123320657,97.90736380676661,96.04013045110783,96.20632934570312,10112600,1.0,1,Downtrend,0
2023-11-22,96.50938068965485,97.4185556530247,95.75661899451005,96.44094848632812,7413500,1.0,1,Downtrend,0
2023-11-24,96.27475890640338,96.51916070276974,95.28737356068898,95.63931274414062,4297600,1.0,1,Downtrend,0
2023-11-27,95.23849211361332,95.36558582372608,94.26088490868963,95.03319549560547,6856100,1.0,1,Downtrend,0
2023-11-28,95.67841994706959,96.04990800031302,95.06252263374756,95.78595733642578,6358100,1.0,1,Downtrend,1
2023-11-29,96.78310991814372,97.49676643465602,96.39206555807743,96.6657943725586,7091100,1.0,1,Downtrend,1
2023-11-30,96.714677221583,96.76356056329868,94.73013586815864,95.13095092773438,9681400,1.0,1,Downtrend,-1
2023-12-01,95.51222096295287,96.56803853460269,94.84744776508643,96.34319305419922,7490200,1.0,1,Downtrend,-1
2023-12-04,94.87678218516132,95.02341729900323,93.11708623354787,94.83767700195312,10619400,1.0,1,Downtrend,-1
2023-12-05,94.29998076254964,94.84743835640904,93.73296684973793,94.52483367919922,8009600,1.0,1,Downtrend,-1
2023-12-06,95.6099757444929,96.36272991698469,95.2678072984465,95.65885162353516,11262300,1.0,1,Downtrend,0
2023-12-07,95.76640803298663,97.40878855794223,95.69797582188647,97.0666275024414,11373700,1.0,1,Downtrend,0
2023-12-08,96.90042215352949,98.12243107539757,96.73422327165702,98.10287475585938,10567300,1.0,1,Downtrend,0
2023-12-11,97.34034269717829,98.94361781117671,97.1448242524665,98.68943786621094,9482800,1.0,1,Downtrend,0
2023-12-12,97.9073626785917,99.37377348019253,97.71183676324763,99.32489013671875,7378600,1.0,1,Downtrend,1
2023-12-13,99.12937356162722,100.3807096093783,98.65034811240558,99.833251953125,8988800,1.0,1,Sideways,0
2023-12-14,101.51184934080305,101.96366703262032,100.9716359564066,101.61006927490234,10074500,1.0,1,Sideways,2
2023-12-15,101.65918001643288,102.89677213226035,100.56892154429686,100.71625518798828,16376700,1.0,1,Uptrend,0
2023-12-18,101.01092389590572,101.47256585648536,100.2644463577397,101.09932708740234,5660600,1.0,1,Uptrend,0
2023-12-19,101.40380606763229,102.13065007257705,101.25647241832182,102.0226058959961,8498500,1.0,1,Uptrend,2
2023-12-20,100.87341326827573,101.25647627485215,98.16250698999664,98.26072692871094,10814100,1.0,1,Uptrend,0
2023-12-21,99.49830640766675,100.89304884256931,99.36079701232143,100.72607421875,9068200,1.0,1,Uptrend,2
2023-12-22,101.09932606690158,101.74758365862866,100.88323770509223,101.31541442871094,5566400,1.0,1,Uptrend,2
2023-12-26,101.76722113684791,103.09320890290302,101.72793166679514,102.59227752685547,6407500,1.0,1,Uptrend,2
2023-12-27,103.18162167939948,103.49592997535078,102.22887254969376,102.78873443603516,5889700,1.0,1,Uptrend,2
2023-12-28,103.13251216658927,103.64326035818576,102.83784484863281,102.83784484863281,5335100,1.0,1,Uptrend,0
2023-12-29,102.85747928502343,103.10303285188274,101.82615130673423,102.15028381347656,4407700,1.0,1,Uptrend,0
2024-01-02,100.43141579637113,100.7948377982076,98.80093640260286,99.7242202758789,9020900,1.0,1,Uptrend,-1
2024-01-03,98.55538712140829,99.44920580263563,97.88748853811887,98.38841247558594,6650600,1.0,1,Uptrend,-1
2024-01-04,97.75979244869978,98.65361109861897,97.35708846442795,97.36690521240234,7996700,1.0,1,Uptrend,-1
2024-01-05,97.23921234563325,98.85004314256994,97.0427724898898,97.83836364746094,7344900,1.0,1,Uptrend,0
2024-01-08,98.8402195054034,100.96180593015225,98.71253434776025,100.42158508300781,12455600,1.0,1,Uptrend,0
2024-01-09,99.25275579820696,100.15639113555926,98.42769190788945,100.07781219482422,7764000,1.0,1,Uptrend,0
2024-01-10,100.69660441067025,100.95198222100203,98.2017867408067,99.0072021484375,6975700,1.0,1,Uptrend,-1
2024-01-11,99.89119746610223,100.3430226663923,98.21161180887901,99.41973876953125,7862700,1.0,1,Uptrend,-1
2024-01-12,99.09559571072255,100.55909285425702,99.07595472282614,99.43936920166016,6514000,1.0,1,Uptrend,0
2024-01-16,98.74200116479207,100.52963086904373,98.41786865129306,99.86172485351562,11185500,1.0,1,Uptrend,0
2024-01-17,99.07596497969429,101.49221140089855,98.2214357905839,101.11896514892578,17649500,1.0,1,Uptrend,0
2024-01-18,109.22223733243233,111.37328924770543,107.53283487383685,111.01969146728516,58783700,1.0,1,Uptrend,0
2024-01-19,111.20631077390925,113.10198478395219,109.04543469082407,112.16887664794922,37737300,1.0,1,Uptrend,1
2024-01-22,112.73856665233325,113.05287495785115,110.51876002940627,111.01969146728516,17755500,1.0,1,Uptrend,0
2024-01-23,111.5009616056176,112.58140330700073,111.14737135953797,112.10011291503906,11667900,1.0,1,Uptrend,2
2024-01-24,113.27877900595286,116.73617010541477,112.57158349854687,114.4476089477539,21859200,1.0,1,Uptrend,0
2024-01-25,115.92093235744133,116.72634781126752,114.40832887811219,114.48690032958984,15485300,1.0,1,Uptrend,0
2024-01-26,114.82086358517203,115.94058738925621,114.23153645044896,115.1744613647461,10196400,1.0,1,Uptrend,2
2024-01-29,115.08605257982738,115.77360711500678,113.70113425522015,114.8994369506836,10042200,1.0,1,Uptrend,2
2024-01-30,114.2904558599262,115.91111094391644,113.50468142717324,113.99578857421875,11030800,1.0,1,Uptrend,0
2024-01-31,111.4813243618605,112.69926800995658,110.87234879096222,110.950927734375,12853900,1.0,1,Uptrend,0
2024-02-01,111.77599486250965,112.00189996418274,110.60715740020744,111.37328338623047,8807600,1.0,1,Uptrend,0
2024-02-02,112.81712935546506,113.89756353173433,111.89384556247312,113.69129943847656,10042200,1.0,1,Uptrend,2
2024-02-05,115.04675911724804,117.41389919483643,114.50654574444894,116.67723846435547,13267600,1.0,1,Uptrend,2
2024-02-06,117.98358838670563,118.83811006051249,116.17631011712322,117.25674438476562,11503800,1.0,1,Uptrend,0
2024-02-07,117.87554238394713,122.77678973180463,117.86571814253244,122.75714874267578,18172500,1.0,1,Uptrend,-1
2024-02-08,124.74123304209694,132.35339490096504,123.86706279586497,131.35153198242188,33367000,1.0,1,Uptrend,2
2024-02-09,132.10781565007701,132.76589739423252,128.26735436394267,130.74253845214844,16984200,1.0,1,Uptrend,0
2024-02-12,130.8996986277161,131.13542045818184,127.94322411315639,128.13967895507812,14203800,1.0,1,Uptrend,0
2024-02-13,125.65467948236983,127.60928389998932,124.23047170196529,125.28144073486328,14494000,1.0,1,Uptrend,0
2024-02-14,127.32445348532636,128.46381076326207,125.68414979342131,126.97085571289062,13069700,1.0,1,Uptrend,2
2024-02-15,128.47365409709974,128.797786666711,126.06723167260739,126.7351303100586,12554000,1.0,1,Uptrend,1
2024-02-16,124.86889861828877,126.35204427813257,123.57237606947902,124.43672943115234,13091700,1.0,1,Uptrend,0
2024-02-20,124.63318128531559,124.80015593036441,121.9419159994839,123.1009292602539,12038800,1.0,1,Uptrend,-1
2024-02-21,122.2169370910586,123.15003776593807,120.7239745125112,123.11074829101562,11578100,1.0,1,Uptrend,-1
2024-02-22,127.38338216696147,129.14153926890745,126.70565186365995,126.7744140625,17014100,1.0,1,Uptrend,0
2024-02-23,128.1789605764154,128.67988445216952,125.45823038094865,127.22621154785156,10123300,1.0,1,Uptrend,1
2024-02-26,127.70752962710684,128.89600074324466,126.27348990598632,128.31649780273438,9526700,1.0,1,Uptrend,1
2024-02-27,128.44417545695362,129.62282968599754,126.30294036865234,126.30294036865234,8851800,1.0,1,Uptrend,-1
2024-02-28,126.2145465987532,126.29312554687489,124.3974515122195,125.11446380615234,6519100,1.0,1,Uptrend,-1
2024-02-29,125.75291411680256,126.89228646927661,124.88856810346817,126.38153076171875,9369900,1.0,1,Uptrend,1
2024-03-01,127.81557122412448,134.21959864968218,127.78610598960529,131.5185089111328,24361700,1.0,1,Uptrend,1
2024-03-04,137.45107697942976,139.46461937159322,135.231262981647,135.8009490966797,26544600,1.0,1,Uptrend,2
2024-03-05,134.68121264216987,134.98569666050605,131.35150694706778,132.5694580078125,13694700,1.0,1,Uptrend,0
2024-03-06,136.33135554457812,141.4388671958363,136.14473241904378,139.05209350585938,22292700,1.0,1,Uptrend,-1
2024-03-07,142.32284694661615,148.90369478683755,141.5861862171049,146.54637145996094,34675700,1.0,1,Uptrend,2
2024-03-08,151.162765122988,155.58272919076424,142.352302215562,143.76669311523438,43771100,1.0,1,Uptrend,0
2024-03-11,141.0656007113331,141.83172659976415,136.45901364666457,136.54742431640625,29227100,1.0,1,Uptrend,0
2024-03-12,141.94963251391223,144.09085276067316,138.06988854312618,141.83175659179688,21218500,1.0,1,Uptrend,2
2024-03-13,140.50575707676938,140.68254845488468,138.85562927735666,139.6119384765625,12923100,1.0,1,Uptrend,0
2024-03-14,140.07360645191187,140.55489693865883,136.54746009439623,137.13677978515625,14961900,1.0,1,Uptrend,-1
2024-03-15,133.03111293776644,135.25091195621144,132.235521718376,134.54371643066406,22733000,1.0,1,Uptrend,-1
2024-03-18,138.2459123115128,139.5871488284608,134.72517585968777,134.7547607421875,14732900,1.0,1,Uptrend,-1
2024-03-19,133.43326088059487,134.38987893689352,131.1945759917891,133.00918579101562,17341100,1.0,1,Uptrend,-1
2024-03-20,134.6462848838725,135.4155219657248,133.14725221614856,134.86325073242188,12750200,1.0,1,Uptrend,-1
2024-03-21,140.58323619885996,140.63254935694792,137.1216541478094,137.5260009765625,17809400,1.0,1,Uptrend,0
2024-03-22,137.4766814183812,139.38991749632635,137.19068919200595,138.6009521484375,9935200,1.0,1,Uptrend,0
2024-03-25,138.2262006735776,139.72521823162467,137.3386090436231,138.29522705078125,9922200,1.0,1,Uptrend,0
2024-03-26,138.67002222404412,139.01519933763763,136.72720086090857,136.9244384765625,10786400,1.0,1,Uptrend,-1
2024-03-27,136.94415114206646,137.3583546022035,133.28533133846034,134.80409240722656,13842800,1.0,1,Uptrend,-1
2024-03-28,133.80802249541307,134.9125801433626,133.5713433944887,134.1729278564453,10019400,1.0,1,Uptrend,0
2024-04-01,135.39579273858348,140.98757655698978,135.1591136678445,139.53785705566406,14222700,1.0,1,Uptrend,0
2024-04-02,138.44316594638317,139.0940484144372,137.42737817770623,138.28536987304688,9869200,1.0,1,Uptrend,0
2024-04-03,136.66800501701442,140.95797877034013,136.48062405098577,140.0408172607422,9707500,1.0,1,Uptrend,0
2024-04-04,142.0132257402632,144.72528387071964,137.50627100575673,137.7331085205078,15759500,1.0,1,Uptrend,-1
2024-04-05,138.06841606624403,140.04082201004752,137.0033150507986,139.40965270996094,8249500,1.0,1,Uptrend,-1
2024-04-08,143.23612509185244,143.98563393330866,140.79033088618104,140.81991577148438,16307400,1.0,1,Uptrend,1
2024-04-09,144.24204079471994,146.12569207665112,140.977711375818,143.39390563964844,18488000,1.0,1,Uptrend,1
2024-04-10,144.606937747734,146.38209095005803,143.25582952598276,144.2025909423828,18861300,1.0,1,Uptrend,2
2024-04-11,145.1690673828125,145.52410103733325,142.14143223165306,145.1690673828125,11818800,1.0,1,Uptrend,2
2024-04-12,142.99942902666552,144.4885900770858,140.18874457476727,140.55364990234375,11981400,1.0,1,Uptrend,0
2024-04-15,143.01915718412678,143.47280211778417,137.9500745818858,138.20648193359375,13458800,1.0,1,Uptrend,-1
2024-04-16,135.98751887130732,138.6009505676024,135.1689686489317,137.8711700439453,14218200,1.0,1,Uptrend,-1
2024-04-17,139.18283345560886,140.60296817568016,135.46484395212542,137.11180114746094,18823200,1.0,1,Uptrend,-1
2024-04-18,131.05650937269354,133.26560939721057,128.50224734476816,130.445068359375,39306100,1.0,1,Uptrend,-1
2024-04-19,127.5850674284118,129.7349976272549,124.89273766012326,125.9381103515625,28248000,1.0,1,Uptrend,-1
2024-04-22,125.00121497005397,128.85727184027908,124.04459697312832,127.95982360839844,18556800,1.0,1,Uptrend,0
2024-04-23,129.54761804418084,131.86520095895852,128.85727899986279,131.58905029296875,12573800,1.0,1,Uptrend,0
2024-04-24,134.21235485990792,134.40959243879456,129.72512846098883,131.13540649414062,15558000,1.0,1,Uptrend,0
2024-04-25,128.20637059462243,135.93819733274617,127.0820999467231,134.69558715820312,18034300,-1.0,1,Uptrend,0
2024-04-26,134.92244344591967,136.8258232503869,134.07430817960685,136.3918914794922,9453400,-1.0,1,Uptrend,0
2024-04-29,136.0960250468891,136.73705102961566,134.0348642211683,136.58912658691406,9997100,-1.0,1,Uptrend,0
2024-04-30,136.0368266196677,137.77253825762935,135.36620084137374,135.44509887695312,10980600,-1.0,1,Uptrend,-1
2024-05-01,135.5239954360022,137.50625777045462,131.3720898156705,133.07821655273438,12561800,-1.0,1,Uptrend,-1
2024-05-02,133.72913567914196,134.85340652125427,131.38196767350274,134.35043334960938,9261900,-1.0,1,Uptrend,0
2024-05-03,136.98356937502462,140.14928713388227,136.84550157842946,139.60687255859375,13264300,-1.0,1,Uptrend,0
2024-05-06,138.53193533948001,140.859375,137.8810377538845,140.859375,8601600,-1.0,1,Uptrend,0
2024-05-07,139.91259469243852,140.3267980871357,138.5713582032118,139.1630859375,8682900,-1.0,1,Uptrend,-1
2024-05-08,139.16307823898592,142.2696110514918,138.85735777754533,141.6187286376953,10202300,1.0,1,Uptrend,0
2024-05-09,140.96785524626415,141.37220207642713,139.18283027440208,140.81991577148438,8012700,1.0,1,Uptrend,-1
2024-05-10,145.1887905447489,148.42353481730498,144.90278327986834,147.2006378173828,23671400,1.0,1,Uptrend,0
2024-05-13,145.97775612839177,146.3919595367893,144.28148595213796,144.3899688720703,8278700,1.0,1,Uptrend,-1
2024-05-14,144.46887136044947,149.91270065134583,144.23217724196002,149.85353088378906,12316500,1.0,1,Uptrend,0
2024-05-15,151.24408467297303,153.84765985317313,150.6227720004296,153.43345642089844,14027100,1.0,1,Uptrend,1
2024-05-16,151.97387891818937,152.920625312596,150.10995596542233,150.12966918945312,13394100,1.0,1,Uptrend,0
2024-05-17,151.875263216136,151.875263216136,148.75885809959826,149.58726501464844,7711200,1.0,1,Uptrend,0
2024-05-20,149.57739126170011,152.1119399247251,148.73912783000344,151.43145751953125,9261200,1.0,1,Uptrend,2
2024-05-21,150.19872659162655,151.8654121434955,149.85354950696507,151.54981994628906,7919400,1.0,1,Uptrend,2
2024-05-22,153.7293262385504,155.060691240393,152.4078028009275,153.99559020996094,13455200,1.0,1,Uptrend,2
2024-05-23,156.98376783766454,158.56169847122564,153.71943869964358,154.922607421875,20873000,1.0,1,Uptrend,0
2024-05-24,155.03109405913418,158.44336274053492,154.54786426531646,157.79246520996094,11895500,1.0,1,Uptrend,2
2024-05-28,157.4768657445708,158.16721978642028,155.42557703455532,157.21060180664062,13964400,1.0,1,Uptrend,2
2024-05-29,154.58730869418812,154.71551989004834,151.09615695639695,152.21055603027344,15780000,1.0,1,Uptrend,0
2024-05-30,151.4709069987116,151.924566975509,149.79436499867927,150.849609375,9711000,1.0,1,Uptrend,0
2024-05-31,149.39001690572638,150.395948116478,145.77065392733772,148.95608520507812,13782600,1.0,1,Uptrend,-1
2024-06-03,152.97980174899624,154.9817925985507,150.35651325361462,152.81214904785156,12924400,1.0,1,Uptrend,0
2024-06-04,151.2835250367889,151.66814358161116,148.90678738712438,150.36636352539062,10066700,1.0,1,Uptrend,-1
2024-06-05,156.40191966645298,161.47100214447144,155.77075039072446,160.67218017578125,23192600,1.0,1,Uptrend,1
2024-06-06,162.25011761831266,162.42762693060018,158.1475096317966,159.83392333984375,14819100,1.0,1,Uptrend,1
2024-06-07,161.3132238713321,163.82802935704066,159.72543651875327,162.1219024658203,14023300,1.0,1,Uptrend,2
2024-06-10,161.73728169615012,167.4967032376495,160.17907924962742,165.8398895263672,12438400,1.0,1,Uptrend,2
2024-06-11,165.8595981385796,166.08643564257085,161.53016796670784,163.42369079589844,11508600,1.0,1,Uptrend,0
2024-06-12,170.9681457292666,173.63089071132956,169.17324911909213,170.5933837890625,20309500,1.0,1,Uptrend,2
2024-06-13,171.10189808155732,172.20994031678197,168.6879688741854,171.0623321533203,15591800,1.0,1,Uptrend,2
2024-06-14,170.16203541337643,171.78451003093036,168.53956079582252,170.6665802001953,9192500,1.0,1,Uptrend,0
2024-06-17,175.9396335391468,176.76076613586102,171.62622302738401,175.34605407714844,18593700,1.0,1,Uptrend,-1
2024-06-18,178.09635772018518,182.88463512658242,177.0773652377088,177.76988220214844,27155100,1.0,1,Uptrend,0
2024-06-20,180.62897926905987,181.21267099442352,171.6460049780297,173.50592041015625,28403200,1.0,1,Uptrend,0
2024-06-21,170.8644771364644,175.5834954161521,170.3698199930033,172.1011199951172,20271300,1.0,1,Uptrend,0
2024-06-24,168.60881358543529,169.58824008792305,165.3341859652436,166.01681518554688,19741700,1.0,1,Uptrend,0
2024-06-25,168.13393890498423,170.7951964175419,167.20398117687634,170.75563049316406,13481000,1.0,1,Uptrend,-1
2024-06-26,170.28076161865192,171.8339922164846,168.38128009535865,170.23130798339844,11901500,1.0,1,Uptrend,-1
2024-06-27,171.93289705120904,173.60484035634627,169.32110833603048,169.79598999023438,10864600,1.0,1,Uptrend,-1
2024-06-28,170.9633987302719,174.93055866406206,170.9633987302719,171.9527130126953,11216100,1.0,1,Uptrend,0
2024-07-01,172.37810379074284,173.42677437965864,168.62859468991826,170.48851013183594,10717000,1.0,1,Uptrend,-1
2024-07-02,169.30133665545907,174.821711467488,169.20239920138437,173.82249450683594,10655500,1.0,1,Uptrend,0
2024-07-03,176.08803376468998,180.53994750976562,175.9792086026476,180.53994750976562,11808700,1.0,1,Uptrend,1
2024-07-05,182.17231687351682,183.1022746403537,180.35198236160542,182.02392578125,11372900,1.0,1,Uptrend,2
2024-07-08,187.96969565163357,190.7397783961734,183.1517403884616,184.63571166992188,22582400,1.0,1,Uptrend,0
2024-07-09,186.08012300876098,186.42638905195344,180.54985969638054,182.54827880859375,19935200,1.0,1,Uptrend,0
2024-07-10,186.2680792830311,189.37452531581076,184.7049610110833,189.00848388671875,19293500,1.0,1,Uptrend,2
2024-07-11,191.02669436431825,191.40263862856145,181.05440441925498,182.5284881591797,21584200,1.0,1,Uptrend,0
2024-07-12,181.11375886854887,188.34564329630288,180.79717107679727,185.3480224609375,19220300,1.0,1,Uptrend,0
2024-07-15,186.6637869447666,188.02904530509892,182.11295090321883,183.2407684326172,15683100,1.0,1,Uptrend,0
2024-07-16,186.25818342605106,187.56407028356625,183.04291236641572,184.052001953125,16663300,1.0,1,Uptrend,-1
2024-07-17,173.34763757217038,174.69310550538998,168.6879609878201,169.37059020996094,45052600,1.0,1,Uptrend,-1
2024-07-18,173.6246319139975,176.78054644216795,162.7520640593911,170.03341674804688,52903600,1.0,1,Uptrend,-1
2024-07-19,167.36227353375364,168.69785367925425,163.4544856466308,163.9986114501953,22585300,1.0,1,Uptrend,-1
2024-07-22,164.82964826862667,169.05402435503754,164.40423529012423,167.54037475585938,21037200,1.0,1,Uptrend,0
2024-07-23,167.60960584841982,169.70694707042855,166.1751033126924,168.00534057617188,11690700,1.0,1,Uptrend,0
2024-07-24,163.3258725384888,163.68202624316098,157.88464460894696,158.0924072265625,19536600,1.0,1,Uptrend,-1
2024-07-25,156.46993476421574,161.65393142047157,150.48458093952664,158.56727600097656,25731800,1.0,1,Uptrend,-1
2024-07-26,162.54431565754004,162.83121011502152,157.48891981583972,160.20953369140625,13089200,1.0,1,Uptrend,-1
2024-07-29,160.9416381876855,161.48576405529937,156.93492747102366,158.3001708984375,12663100,-1.0,1,Uptrend,-1
2024-07-30,158.72557371599692,159.42797834904277,150.91988523005853,152.88861083984375,22018000,-1.0,1,Uptrend,-1
2024-07-31,162.0199983414051,164.86921310561337,160.33816714186287,164.02830505371094,19860400,-1.0,1,Uptrend,-1
2024-08-01,161.7330997147032,165.87832910283103,155.1640532780897,156.48973083496094,21095600,-1.0,1,Uptrend,-1
2024-08-02,149.63378270022324,152.2158935377558,145.32037189756417,148.25863647460938,31095300,-1.0,1,Uptrend,-1
2024-08-05,132.42960026868272,148.39713095568496,132.14270579095924,146.36903381347656,31193100,-1.0,1,Uptrend,-1
2024-08-06,148.83243553279198,156.0247542289153,146.14149961309144,153.7295379638672,24528100,-1.0,1,Uptrend,-1
2024-08-07,159.82369960760101,160.91193608558092,152.8688225297951,153.3832550048828,22379000,-1.0,1,Uptrend,0
2024-08-08,157.56806389678397,162.98950103992516,153.8779113654634,162.79164123535156,18889600,-1.0,1,Uptrend,0
2024-08-09,164.5427434631908,166.00692423879866,161.49565394397578,165.3341827392578,20519400,-1.0,1,Uptrend,2
2024-08-12,164.22615813140598,167.71843606955346,163.7710669547008,165.8387451171875,14727300,-1.0,1,Uptrend,2
2024-08-13,166.2047780179936,170.60722298801346,164.5625128979344,170.49839782714844,15243500,-1.0,1,Uptrend,2
2024-08-14,170.04332600565485,170.6665836736485,165.4034400884122,168.1537322998047,11510300,-1.0,1,Uptrend,0
2024-08-15,170.58745524804718,173.56530091295545,168.99467373801087,172.1011199951172,15393500,-1.0,1,Uptrend,0
2024-08-16,171.53719093262154,173.12998742072165,170.40937333268172,172.67489624023438,10710000,-1.0,1,Uptrend,2
2024-08-19,172.892550814111,173.57518005371094,169.2716721754626,173.57518005371094,11511000,-1.0,1,Uptrend,2
2024-08-20,173.52569525715063,173.52569525715063,168.03501382068507,170.20159912109375,13555500,-1.0,1,Uptrend,0
2024-08-21,168.53957105788703,171.23050694290592,168.0943826782065,169.6080322265625,9434800,-1.0,1,Uptrend,0
2024-08-22,170.16203762954476,171.4283585623848,164.28550903097408,164.6614532470703,13546100,0.5,1,Uptrend,0
2024-08-23,167.19410234613684,171.43825368664528,166.12564118237725,169.44973754882812,12189100,1.0,1,Uptrend,1
2024-08-26,168.5593659452468,169.2222046781109,166.02672389259084,167.26336669921875,9611300,1.0,1,Uptrend,0
2024-08-27,164.64166660442925,168.75721728070621,163.27640818399684,168.7275390625,9186000,1.0,1,Uptrend,0
2024-08-28,169.4893242446872,170.6270295918028,164.4240250288881,167.3919677734375,10581400,1.0,1,Uptrend,0
2024-08-29,166.8478416559815,173.54550333247818,165.72002401865194,167.34249877929688,13213200,1.0,1,Uptrend,0
2024-08-30,168.2427597934689,170.38956966017105,166.94676068877303,169.865234375,9481400,1.0,1,Uptrend,1
2024-09-03,166.2047837999185,166.8775102026789,158.0924104669269,158.77503967285156,18464400,-1.0,1,Uptrend,-1
2024-09-04,157.59775501539576,162.12881586105127,157.25148900724116,159.15097045898438,11317400,-1.0,1,Uptrend,-1
2024-09-05,159.8138071035191,162.83121839259468,159.32905281322823,161.9507293701172,10260600,-1.0,1,Uptrend,0
2024-09-06,163.12801415599787,163.6424617552045,154.34289942744687,155.14425659179688,14964400,-1.0,1,Uptrend,-1
2024-09-09,159.04215409946556,161.35716092747242,158.5376092641979,161.0405731201172,10339000,-1.0,1,Uptrend,0
2024-09-10,161.149396614323,161.149396614323,156.0049655642557,160.69430541992188,11910800,-1.0,1,Uptrend,0
2024-09-11,162.04968141750442,168.55937116465347,159.69510861014004,168.4109649658203,15059500,-1.0,1,Uptrend,0
2024-09-12,169.39995762195747,170.93904236433514,167.8112064119138,170.22410583496094,13415500,-1.0,1,Uptrend,1
2024-09-13,171.02840970186247,173.54061159440113,170.24395835037762,171.2865753173828,8787800,-1.0,1,Uptrend,1
2024-09-16,168.71480359757928,169.36022523386544,165.59689194492245,167.89064025878906,12194300,-1.0,1,Uptrend,0
2024-09-17,168.15873706459772,169.0424758774565,165.18976434876953,166.1728057861328,8629100,-1.0,1,Uptrend,0
2024-09-18,167.27500941318544,170.3929211223603,165.82527281653276,166.10330200195312,9116000,-1.0,1,Uptrend,-1
2024-09-19,173.15335455874552,176.52943170159892,171.41566467462468,174.98040771484375,15855000,1.0,1,Uptrend,0
2024-09-20,173.63990497672046,174.7818246085602,172.42848562549094,172.85546875,18429800,1.0,1,Uptrend,0
2024-09-23,173.61012450133555,174.16618288559687,172.4781441758165,173.5306854248047,5794200,1.0,1,Uptrend,-1
2024-09-24,178.23734540172703,181.49427172675644,175.80458243628402,180.68997192382812,14576100,1.0,1,Uptrend,0
2024-09-25,180.2431431463351,182.52696735048582,179.93532619496062,181.0673065185547,8280900,1.0,1,Uptrend,0
2024-09-26,187.1740284354306,187.9981917581218,182.50709282568675,185.51577758789062,15103400,1.0,1,Uptrend,-1
2024-09-27,184.53274444264858,184.6320470745169,176.15211140182774,176.71810913085938,17908400,1.0,1,Uptrend,-1
2024-09-30,173.0441344716527,175.57620000314608,170.72058324956177,172.44834899902344,13540200,1.0,1,Uptrend,-1
2024-10-01,174.07681838454425,174.75204295459014,169.57868487380534,170.859619140625,11850200,1.0,1,Uptrend,-1
2024-10-02,171.74335085327118,175.72513777957798,169.58860199221084,174.56336975097656,11164400,1.0,1,Uptrend,0
2024-10-03,174.56337693668976,179.5182661919371,173.88815236705545,178.2174835205078,12555000,1.0,1,Uptrend,0
2024-10-04,178.43594447260264,179.95518087695493,176.30107414402931,179.88568115234375,9993800,1.0,1,Uptrend,0
2024-10-07,180.3225784753267,183.6986558189858,179.65727811827009,183.21209716796875,12054200,1.0,1,Uptrend,0
2024-10-08,183.65894299332572,185.22781546993014,180.74954560636672,184.74127197265625,10394200,1.0,1,Uptrend,0
2024-10-09,186.47896942467105,186.67755954282993,180.97793072779638,185.8236083984375,11925000,1.0,1,Uptrend,0
2024-10-10,184.55261412666937,185.76403354870263,183.10287747111235,184.47317504882812,6443800,1.0,1,Uptrend,-1
2024-10-11,186.8463597726676,190.14301327208418,186.68748161936819,189.46778869628906,12163900,1.0,1,Uptrend,0
2024-10-14,189.26918951979928,192.8835840013337,189.15996268856662,190.85794067382812,11714400,1.0,1,Uptrend,1
2024-10-15,191.6026667334774,192.2580125755661,182.9539288832651,185.8136749267578,21812700,1.0,1,Uptrend,-1
2024-10-16,188.445033294739,188.67341116813202,185.34698509408761,186.1612091064453,18689200,1.0,1,Uptrend,-1
2024-10-17,201.91958439049156,211.10451726264137,200.549286854073,204.39205932617188,62274700,1.0,1,Uptrend,1
2024-10-18,204.50127594016735,204.50127594016735,199.34778170793925,199.36764526367188,21030800,1.0,1,Uptrend,0
2024-10-21,199.3974386598025,202.00894328442942,198.25553417187243,200.5294189453125,14820000,1.0,1,Uptrend,0
2024-10-22,197.6696930767886,198.76194627749425,195.72347359969996,197.08383178710938,11165100,1.0,1,Uptrend,0
2024-10-23,195.2964931347523,201.70113423511094,194.8496615850994,199.4470977783203,16535700,1.0,1,Uptrend,0
2024-10-24,197.56045779580398,199.08961827200162,196.02135796590423,196.53768920898438,9935800,1.0,1,Uptrend,0
2024-10-25,198.84139370630461,203.7565711945964,198.59315226597215,202.0089569091797,13434900,1.0,1,Uptrend,2
2024-10-28,197.8583470210088,198.33498148314388,193.15169913119874,193.31056213378906,20135300,1.0,1,Uptrend,0
2024-10-29,193.02260661300545,197.3916497409821,192.23817035715427,195.55467224121094,13779100,1.0,1,Uptrend,-1
2024-10-30,193.01268151300766,194.07514695471158,191.25512794610077,193.11196899414062,10007800,1.0,1,Uptrend,-1
2024-10-31,191.50336419456926,191.50336419456926,186.3399456202751,189.19967651367188,13062700,1.0,1,Uptrend,-1
2024-11-01,192.8339347788539,196.77600979685232,191.1955474440437,191.5927276611328,12691200,1.0,1,Uptrend,0
2024-11-04,192.3374551705357,192.992816176077,189.25927055762634,190.21250915527344,10917300,1.0,1,Uptrend,-1
2024-11-05,192.21830707767882,196.9448184794174,192.12894379867842,194.38296508789062,10339200,1.0,1,Uptrend,0
2024-11-06,190.68911723627474,192.89350219690417,187.17402549312297,191.86082458496094,19834900,1.0,1,Uptrend,0
2024-11-07,194.92908771009087,200.58898898302283,194.86951219428954,199.77476501464844,14865200,1.0,1,Uptrend,0
2024-11-08,202.4557632165507,205.15663096257003,198.61299104802868,199.78468322753906,13112100,1.0,1,Uptrend,1
2024-11-11,196.56749709087507,196.80579916249266,190.14300778497815,192.68499755859375,16610000,1.0,1,Uptrend,-1
2024-11-12,192.46654267615335,192.63534502630085,188.38545305948642,190.42103576660156,11819000,1.0,1,Uptrend,-1
2024-11-13,191.08632551065097,191.12603747279636,185.1881067117907,185.34698486328125,13882200,1.0,1,Uptrend,-1
2024-11-14,187.07473911359332,191.30478285745636,186.220787972239,187.17404174804688,11453900,1.0,1,Uptrend,-1
2024-11-15,186.85627176307406,187.47192077900854,183.5099823169779,184.7015380859375,9834800,1.0,1,Uptrend,0
2024-11-18,183.05323670310884,186.67755552370537,182.1992855771018,186.1612091064453,10694000,1.0,1,Uptrend,0
2024-11-19,187.79960536617162,188.6833442221806,186.69741284674882,188.33580017089844,9390100,1.0,1,Uptrend,0
2024-11-20,187.521577565984,187.521577565984,182.7652634020017,187.03501892089844,10624500,1.0,1,Uptrend,-1
2024-11-21,188.07764625084894,190.94731666087176,185.4264295178345,189.894775390625,18137300,1.0,1,Uptrend,0
2024-11-22,191.59272659991237,191.642377914637,188.09748313336263,188.742919921875,8838900,1.0,1,Uptrend,0
2024-11-25,186.76692820522612,186.92580636491343,182.41774843183683,183.77810668945312,14380000,1.0,1,Uptrend,-1
2024-11-26,184.0958380607256,184.5923209197367,181.0474411851539,182.54681396484375,10186600,-1.0,1,Uptrend,-1
2024-11-27,180.7197508132575,181.16658233168087,176.79753947150223,179.9154510498047,9895200,-1.0,1,Uptrend,0
2024-11-29,180.2331873598483,185.6349228506346,179.90550688138663,183.3610382080078,8045300,-1.0,1,Uptrend,0
2024-12-02,188.0081275716588,193.91627063140513,187.61094734047344,193.03253173828125,16646900,-1.0,1,Uptrend,0
2024-12-03,192.13886691081444,197.60017837339572,191.24520382297385,197.49095153808594,11217700,-1.0,1,Uptrend,0
2024-12-04,198.44420223892757,201.17485792814674,196.87531460658352,199.27828979492188,12761100,-1.0,1,Uptrend,-1
2024-12-05,199.83435130168374,204.1835460070504,199.33786844130688,202.86289978027344,12483700,1.0,1,Uptrend,-1
2024-12-06,200.5790744148925,201.7607060398862,198.5236281122992,201.59190368652344,9672900,1.0,1,Uptrend,-1
2024-12-09,199.51659615775222,201.70113287726846,197.5803160213215,197.76898193359375,9699700,1.0,1,Uptrend,-1
2024-12-10,197.69948197993298,198.50378179324258,189.03088028848524,190.58984375,15307900,1.0,1,Uptrend,-1
2024-12-11,193.30062459587066,194.62127075128598,191.90053936891306,193.2311248779297,9027600,1.0,1,Uptrend,-1
2024-12-12,193.87462934153768,194.6615565967855,190.5475806128866,190.71693420410156,7944900,1.0,1,Uptrend,-1
2024-12-13,197.7395598322254,201.75391783330394,196.50438210855103,200.20994567871094,19477000,1.0,1,Uptrend,0
2024-12-16,202.41135767251532,204.7024341850598,200.09039880890197,201.43516540527344,15139300,1.0,1,Uptrend,0
2024-12-17,200.21990236991056,201.61446277425173,196.70360380793682,199.8812255859375,11169400,1.0,1,Uptrend,-1
2024-12-18,202.21213719801938,204.44344901135932,193.2072290076516,194.80101013183594,14721100,1.0,1,Uptrend,-1
2024-12-19,197.62998412002256,197.79933770901945,193.1972580450706,193.88458251953125,10553400,1.0,1,Uptrend,-1
2024-12-20,191.85250196066607,197.3112291556022,191.23489792067062,196.44461059570312,16170100,1.0,1,Uptrend,-1
2024-12-23,200.21990456634126,207.2425460499998,200.13025751070055,206.5552215576172,17847000,1.0,1,Uptrend,0
2024-12-24,205.12080817199688,206.39583918599843,203.75613010222227,205.5292205810547,7634500,1.0,1,Uptrend,0
2024-12-26,204.70242884967698,207.35210870555446,202.1025579774721,202.2718963623047,8044900,1.0,1,Uptrend,-1
2024-12-27,203.706314253705,203.706314253705,198.27746930984017,200.8474578857422,10664400,1.0,1,Uptrend,-1
2024-12-30,199.0643904950253,201.18612854305638,197.70966822954472,199.6122589111328,11235200,1.0,1,Uptrend,-1
2024-12-31,200.0107061940799,200.99686937175173,196.59402568079403,196.72352600097656,6427900,1.0,1,Uptrend,-1
2025-01-02,196.23542673249287,202.9791560593313,195.92663230002242,200.7976531982422,10951400,1.0,1,Uptrend,0
2025-01-03,203.3078783890496,207.98963429011258,202.90942169986363,207.8003692626953,10261900,1.0,1,Uptrend,0
2025-01-06,217.92093496851885,221.3376154834148,214.8528869472176,219.15611267089844,24339900,1.0,1,Uptrend,0
2025-01-07,220.38135171680898,220.62041052596285,210.49985401648468,210.59945678710938,17010000,1.0,1,Uptrend,-1
2025-01-08,209.1550918662292,209.48381293537716,205.12080718068245,206.31614685058594,13262700,1.0,1,Uptrend,-1
2025-01-10,206.79429393073488,209.16504662530363,202.4412439133883,207.56129455566406,17265200,1.0,1,Uptrend,-1
2025-01-13,199.74177022427844,202.79984740689312,199.27359311560824,200.57850646972656,16612400,1.0,1,Uptrend,-1
2025-01-14,204.3936420595483,205.4594813920004,197.7296041039137,200.66815185546875,14182900,1.0,1,Uptrend,-1
2025-01-15,201.704120736942,208.22868734654222,198.57630801126672,205.9973907470703,18286500,1.0,1,Uptrend,0
2025-01-16,218.0404687544863,221.08859020326784,212.34266734320207,213.9563751220703,38539600,1.0,1,Uptrend,0
2025-01-17,214.3349080871511,214.84292326899725,210.24085868177738,210.6791534423828,21606100,1.0,1,Uptrend,0
2025-01-21,213.6276619602937,219.29556562695876,211.22701180858928,217.8511962890625,19061300,1.0,1,Uptrend,0
2025-01-22,221.08859158252525,224.55508117339573,218.45883823780136,222.333740234375,17294500,1.0,1,Uptrend,0
2025-01-23,219.2457833447068,223.82792131909756,218.55845884865602,223.74822998046875,8986800,1.0,1,Uptrend,0
2025-01-24,225.34201211360693,225.52130621451485,220.10243232631598,221.01885986328125,13183800,1.0,1,Uptrend,-1
2025-01-27,196.27526743719966,206.19661867578688,186.94163791945718,191.56362915039062,68667500,1.0,1,Uptrend,-1
2025-01-28,194.89065370525609,202.05275091794212,191.71304723080567,201.6144561767578,31738800,1.0,1,Uptrend,-1
2025-01-29,203.6963592404517,205.64874377180794,198.97475018474879,201.54473876953125,15199500,1.0,1,Uptrend,0
2025-01-30,205.76829330378715,208.80644386052086,204.62274742212904,207.34214782714844,13539000,1.0,1,Uptrend,0
2025-01-31,209.1152320693449,214.1655621564549,207.3919506390348,208.5076141357422,15781900,1.0,1,Uptrend,0
2025-02-03,198.85522825505066,204.19442636529647,197.21162288927695,199.02456665039062,17719800,1.0,1,Uptrend,-1
2025-02-04,203.27799853401024,204.95147105043955,201.29571637983076,203.25807189941406,12692900,1.0,1,Uptrend,-1
2025-02-05,205.2004956673732,209.6631041328039,203.03891945443692,207.76052856445312,10997800,1.0,1,Uptrend,0
2025-02-06,209.24473442535876,210.36038273335336,206.19661301275332,209.6830291748047,8491400,1.0,1,Uptrend,0
2025-02-07,212.18328118863334,212.35261957750276,204.9215811032642,205.3200225830078,11616200,1.0,1,Uptrend,-1
2025-02-10,207.1927380637121,209.16504929517012,205.72844201623863,207.14292907714844,9296500,1.0,1,Uptrend,-1
2025-02-11,204.33388066562634,209.02559230706984,200.2199046270884,207.92987060546875,9224500,1.0,1,Uptrend,0
2025-02-12,204.10475833979456,206.2663497475795,202.22209421008532,205.5790252685547,7373700,1.0,1,Uptrend,-1
2025-02-13,201.09648561996826,201.51485372824501,198.45676145166556,201.0466766357422,15580900,1.0,1,Uptrend,0
2025-02-14,199.2038582189483,205.44952812997886,196.69364947348592,203.108642578125,23220300,1.0,1,Uptrend,0
2025-02-18,203.96530479433065,205.0510859699045,199.74177029696864,201.95315551757812,14988100,1.0,1,Uptrend,-1
2025-02-19,201.22597332272858,201.81369502483253,199.2437064413675,200.1700897216797,13163100,1.0,1,Uptrend,-1
2025-02-20,199.50268887872446,199.56245357983576,196.84305328229703,199.32339477539062,10639300,1.0,1,Uptrend,-1
2025-02-21,200.5486152531138,201.90333753329475,195.2492555337224,197.47061157226562,13757300,-1.0,1,Uptrend,-1
2025-02-24,196.11590197001846,198.0184775956763,190.71693913368952,190.90618896484375,15114300,-1.0,1,Uptrend,-1
2025-02-25,189.91005595850933,192.77888316000755,186.7424052564948,188.63502502441406,20581000,-1.0,1,Uptrend,0
2025-02-26,190.34835605654322,195.31899481597554,190.34835605654322,193.86465454101562,14112300,-1.0,1,Uptrend,0
2025-02-27,193.93438387166825,194.01407520465727,180.37720553809703,180.3871612548828,24219200,-1.0,1,Uptrend,-1
2025-02-28,178.61407941630543,181.4530243911608,174.83879543318352,179.829345703125,27929400,-1.0,1,Uptrend,-1
2025-03-03,180.446936265116,180.86531958710597,170.40607092786277,172.29869079589844,37403000,-1.0,1,Uptrend,-1
2025-03-04,174.38057692903095,182.88744107738603,173.50398740940727,179.30140686035156,29395200,-1.0,1,Uptrend,0
2025-03-05,182.2897578482822,184.0230101980284,180.0186079828592,183.56478881835938,17334000,-1.0,1,Uptrend,0
2025-03-06,177.8869112706524,180.845385557828,175.1077310859394,175.16751098632812,17864300,-1.0,1,Uptrend,-1
2025-03-07,175.10773019863566,177.77733668512707,170.35625411263936,176.41265869140625,21012700,-1.0,1,Uptrend,-1
2025-03-10,171.80062987183823,174.21123581357224,167.25833006760763,169.98768615722656,18265100,-1.0,1,Uptrend,-1
2025-03-11,169.9876921608199,172.65729884153643,167.44760100659482,170.30645751953125,16561100,-1.0,1,Uptrend,-1
2025-03-12,174.91849252024406,177.43867223078342,174.08174105621438,176.48239135742188,14737600,-1.0,1,Uptrend,-1
2025-03-13,173.21511830279633,173.21511830279633,169.83827577369505,170.92404174804688,14381600,-1.0,1,Uptrend,-1
2025-03-14,171.97992349782265,173.6932492366584,171.2627166676324,173.41433715820312,11449400,-1.0,1,Uptrend,0
2025-03-17,173.2748789715729,176.47242731650775,173.14539385076014,175.55599975585938,9678100,-1.0,1,Uptrend,0
2025-03-18,174.3800048828125,174.5800018310547,170.42999267578125,173.1300048828125,9986000,-1.0,1,Uptrend,-1
2025-03-19,173.0,175.72999572753906,171.74000549316406,173.75999450683594,10678500,-1.0,1,Uptrend,1
2025-03-20,174.85000610351562,178.6699981689453,174.5500030517578,177.47000122070312,12209700,-1.0,1,Uptrend,2
2025-03-21,174.91000366210938,177.1999969482422,173.7899932861328,176.72999572753906,9993200,-1.0,1,Uptrend,2
2025-03-24,179.99000549316406,182.92999267578125,179.67999267578125,181.16000366210938,11440000,-1.0,1,Uptrend,2
2025-03-25,182.47000122070312,182.50999450683594,179.8000030517578,180.89999389648438,8718800,-1.0,1,Uptrend,1
2025-03-26,179.22999572753906,179.5500030517578,171.47000122070312,173.5,14612400,-1.0,1,Uptrend,0
2025-03-27,171.38999938964844,171.61000061035156,167.5500030517578,168.24000549316406,17559100,-1.0,1,Sideways,-1
2025-03-28,168.0399932861328,168.6300048828125,164.05999755859375,165.25,16332000,-1.0,1,Sideways,-1
2025-03-31,160.36000061035156,166.1300048828125,159.72999572753906,166.0,19408300,-1.0,1,Downtrend,0
2025-04-01,166.38999938964844,168.8699951171875,165.05999755859375,168.63999938964844,9180000,-1.0,1,Downtrend,0
2025-04-02,166.85000610351562,171.75,166.35000610351562,170.38999938964844,10072700,-1.0,1,Downtrend,1
2025-04-03,160.05999755859375,161.8000030517578,157.2100067138672,157.3800048828125,28370500,-1.0,1,Downtrend,-1
2025-04-04,150.88999938964844,151.30999755859375,144.83999633789062,146.8000030517578,36085100,-1.0,1,Downtrend,-1
2025-04-07,134.50999450683594,153.75,134.25,146.1699981689453,46388300,-1.0,1,Downtrend,-1
2025-04-08,151.97999572753906,152.61000061035156,138.97999572753906,141.3699951171875,30479700,-1.0,1,Downtrend,-1
2025-04-09,140.1999969482422,160.6199951171875,137.89999389648438,158.75,45612500,-1.0,1,Downtrend,-1
2025-04-10,155.5,156.0,146.91000366210938,151.1300048828125,24503500,-1.0,1,Downtrend,-1
2025-04-11,156.0,158.00999450683594,153.25,157.0800018310547,19632200,-1.0,1,Downtrend,-1
2025-04-14,158.3000030517578,158.58999633789062,154.02999877929688,155.83999633789062,17509400,-1.0,1,Downtrend,0
2025-04-15,156.49000549316406,158.25,156.0500030517578,157.3300018310547,14306600,-1.0,1,Downtrend,0
2025-04-16,150.60000610351562,153.5399932861328,148.49000549316406,151.6699981689453,23806100,-1.0,1,Downtrend,-1
2025-04-17,156.0500030517578,157.5,151.4499969482422,151.74000549316406,27209900,-1.0,1,Downtrend,-1
2025-04-21,149.99000549316406,150.27999877929688,145.83999633789062,147.86000061035156,15170500,-1.0,1,Downtrend,-1
2025-04-22,148.0,152.60000610351562,147.44000244140625,151.39999389648438,12668600,-1.0,1,Downtrend,0
2025-04-23,159.3699951171875,160.3800048828125,156.0,157.80999755859375,17667900,-1.0,1,Downtrend,0
2025-04-24,157.77999877929688,164.5500030517578,157.38999938964844,164.17999267578125,18761100,-1.0,1,Downtrend,0
2025-04-25,163.92999267578125,165.91000366210938,161.16000366210938,165.10000610351562,14654800,-1.0,1,Downtrend,0
2025-04-28,165.0,165.32000732421875,160.5,163.39999389648438,11415600,-1.0,1,Downtrend,-1
2025-04-29,164.3800048828125,166.0,163.5,164.47999572753906,9830100,-1.0,1,Downtrend,0
2025-04-30,163.5399932861328,166.9199981689453,161.75,166.69000244140625,10073000,-1.0,1,Downtrend,0
2025-05-01,172.8000030517578,174.77999877929688,170.9499969482422,172.72000122070312,22670600,-1.0,1,Downtrend,-1
2025-05-02,179.8000030517578,180.64999389648438,177.13999938964844,179.27999877929688,21691200,-1.0,1,Downtrend,0
2025-05-05,179.0,180.0800018310547,176.25,176.39999389648438,14618900,-1.0,1,Downtrend,-1
2025-05-06,172.60000610351562,174.74000549316406,170.58999633789062,172.27999877929688,14565600,1.0,1,Downtrend,-1
2025-05-07,174.10000610351562,175.97999572753906,171.3699951171875,174.5399932861328,9682500,1.0,1,Downtrend,0
2025-05-08,175.33999633789062,177.4499969482422,173.66000366210938,175.22000122070312,10343000,1.0,1,Downtrend,0
2025-05-09,179.8000030517578,180.4600067138672,176.47000122070312,176.52000427246094,11582800,1.0,1,Downtrend,0
2025-05-12,187.27999877929688,189.1699981689453,184.61000061035156,186.97999572753906,22064900,1.0,1,Downtrend,0
2025-05-13,187.72000122070312,194.27999877929688,187.72000122070312,193.99000549316406,19996000,1.0,1,Downtrend,0
2025-05-14,195.27999877929688,196.22000122070312,193.22999572753906,194.75999450683594,12359000,1.0,1,Downtrend,-1
2025-05-15,193.10000610351562,194.49000549316406,191.6300048828125,194.22000122070312,10241800,1.0,1,Downtrend,-1
2025-05-16,194.52999877929688,195.0800018310547,192.57000732421875,194.22000122070312,9146700,1.0,1,Downtrend,-1
2025-05-19,189.0,193.5,188.80999755859375,193.5,10144400,1.0,1,Downtrend,-1
2025-05-20,191.8000030517578,193.72999572753906,190.80999755859375,193.4499969482422,7054100,1.0,1,Downtrend,0
2025-05-21,193.10000610351562,195.27000427246094,190.52999877929688,191.75999450683594,7375700,1.0,1,Downtrend,0
2025-05-22,191.33999633789062,196.8300018310547,191.33999633789062,196.19000244140625,11825000,1.0,1,Downtrend,1
2025-05-23,192.02000427246094,192.8000030517578,190.02999877929688,191.97999572753906,9403100,1.0,1,Downtrend,0
2025-05-27,194.10000610351562,198.30999755859375,193.6999969482422,197.67999267578125,12228200,1.0,1,Downtrend,2
2025-05-28,196.08999633789062,198.07000732421875,195.47999572753906,196.13999938964844,17642900,1.0,1,Downtrend,1
2025-05-29,199.4600067138672,199.8000030517578,196.0800018310547,197.63999938964844,7383045,1.0,1,Downtrend,0
